:100000008044002031310000839E00001D3100003B
:100010001D3100001D3100001D31000000000000F6
:100020000000000000000000000000009932000005
:100030001D31000000000000393200001D310000B9
:100040002D3400002D3400002D3400002D3400002C
:100050002D3400002D3400002D3400002D3400001C
:100060002D3400002D3400002D3400002D3400000C
:100070002D3400002D3400002D3400002D340000FC
:100080002D3400002D3400002D3400002D340000EC
:100090002D3400002D3400002D3400002D340000DC
:1000A0002D3400002D3400002D3400002D340000CC
:1000B0002D3400002D3400002D3400002D340000BC
:1000C0002D3400002D3400002D3400002D340000AC
:1000D0002D3400002D3400002D3400002D3400009C
:1000E0002D3400002D3400002D3400002D3400008C
:1000F0002D3400002D3400002D3400002D3400007C
:1001000081F0004102E000BF83F0004330B54FEAC8
:1001100041044FEA430594EA050F08BF90EA020F35
:100120001FBF54EA000C55EA020C7FEA645C7FEAC8
:10013000655C00F0E2804FEA5454D4EB5555B8BFEB
:100140006D420CDD2C4480EA020281EA030382EA5C
:10015000000083EA010180EA020281EA0303362DEE
:1001600088BF30BD11F0004F4FEA01314FF4801CC1
:100170004CEA113102D0404261EB410113F0004FD3
:100180004FEA03334CEA133302D0524263EB43038A
:1001900094EA050F00F0A780A4F10104D5F1200E28
:1001A0000DDB02FA0EFC22FA05F2801841F1000183
:1001B00003FA0EF2801843FA05F359410EE0A5F157
:1001C00020050EF1200E012A03FA0EFC28BF4CF088
:1001D000020C43FA05F3C01851EBE37101F000453E
:1001E00007D54FF0000EDCF1000C7EEB00006EEB4B
:1001F0000101B1F5801F1BD3B1F5001F0CD34908D5
:100200005FEA30004FEA3C0C04F101044FEA44522B
:1002100012F5800F80F09A80BCF1004F08BF5FEAB2
:10022000500C50F1000041EB045141EA050130BD92
:100230005FEA4C0C404141EB0101013C28BFB1F5A4
:10024000801FE9D291F0000F04BF01460020B1FAEF
:1002500081F308BF2033A3F10B03B3F120020CDAC2
:100260000C3208DD02F1140CC2F10C0201FA0CF0A0
:1002700021FA02F10CE002F11402D8BFC2F1200C05
:1002800001FA02F120FA0CFCDCBF41EA0C019040BB
:10029000E41AA2BF01EB0451294330BD6FEA040404
:1002A0001F3C1CDA0C340EDC04F11404C4F12002EF
:1002B00020FA04F001FA02F340EA030021FA04F301
:1002C00045EA030130BDC4F10C04C4F1200220FA58
:1002D00002F001FA04F340EA0300294630BD21FA96
:1002E00004F0294630BD94F0000F83F4801306BF5C
:1002F00081F480110134013D4EE77FEA645C18BF50
:100300007FEA655C29D094EA050F08BF90EA020FE6
:1003100005D054EA000C04BF1946104630BD91EADE
:10032000030F1EBF0021002030BD5FEA545C05D1E1
:100330004000494128BF41F0004130BD14F5800420
:100340003CBF01F5801130BD01F0004545F0FE4194
:1003500041F470014FF0000030BD7FEA645C1ABFC9
:10036000194610467FEA655C1CBF0B46024650EA00
:10037000013406BF52EA033591EA030F41F400212C
:1003800030BD00BF90F0000F04BF0021704730B5B2
:100390004FF4806404F132044FF000054FF0000187
:1003A00050E700BF90F0000F04BF0021704730B548
:1003B0004FF4806404F1320410F0004548BF40421D
:1003C0004FF000013EE700BF42004FEAE2014FEA72
:1003D00031014FEA02701FBF12F07F4393F07F4F4D
:1003E00081F06051704732F07F4208BF704793F050
:1003F0007F4F04BF41F40021704730B54FF4607463
:1004000001F0004521F000411CE700BF50EA010265
:1004100008BF704730B54FF000050AE050EA01020E
:1004200008BF704730B511F0004502D5404261EB7E
:1004300041014FF4806404F132045FEA915C3FF4BF
:10044000D8AE4FF003025FEADC0C18BF03325FEA5C
:10045000DC0C18BF033202EBDC02C2F1200300FA0D
:1004600003FC20FA02F001FA03FE40EA0E0021FA32
:1004700002F11444BDE600BF80F0004002E000BF7E
:1004800081F0004142001FBF5FEA410392EA030F7F
:100490007FEA226C7FEA236C6AD04FEA1262D2EBC9
:1004A0001363C1BFD218414048404140B8BF5B42CE
:1004B000192B88BF704710F0004F40F4000020F067
:1004C0007F4018BF404211F0004F41F4000121F07D
:1004D0007F4118BF494292EA030F3FD0A2F10102C7
:1004E00041FA03FC10EB0C00C3F1200301FA03F105
:1004F00000F0004302D5494260EB4000B0F5000F28
:1005000013D3B0F1807F06D340084FEA310102F1E6
:100510000102FE2A51D2B1F1004F40EBC25008BF98
:1005200020F0010040EA03007047490040EB000062
:10053000013A28BFB0F5000FEDD2B0FA80FCACF163
:10054000080CB2EB0C0200FA0CF0AABF00EBC25090
:1005500052421843BCBFD0401843704792F0000F7E
:1005600081F4000106BF80F400000132013BB5E7D1
:100570004FEA41037FEA226C18BF7FEA236C21D047
:1005800092EA030F04D092F0000F08BF08467047AC
:1005900090EA010F1CBF0020704712F07F4F04D17A
:1005A000400028BF40F00040704712F100723CBF8D
:1005B00000F50000704700F0004343F0FE4040F4B7
:1005C000000070477FEA226216BF08467FEA236375
:1005D0000146420206BF5FEA412390EA010F40F460
:1005E000800070474FF0000304E000BF10F00043AC
:1005F00048BF40425FEA000C08BF704743F0964393
:1006000001464FF000001CE050EA010208BF7047AD
:100610004FF000030AE000BF50EA010208BF704734
:1006200011F0004302D5404261EB41015FEA010C49
:1006300002BF84460146002043F0B64308BFA3F141
:100640008053A3F50003BCFA8CF2083AA3EBC25323
:1006500010DB01FA02FC634400FA02FCC2F1200242
:10066000BCF1004F20FA02F243EB020008BF20F079
:100670000100704702F1200201FA02FCC2F12002DF
:1006800050EA4C0021FA02F243EB020008BF20EAD4
:10069000DC7070474FF0FF0C1CEAD0521EBF1CEA02
:1006A000D15392EA0C0F93EA0C0F6FD01A4480EAF0
:1006B000010C400218BF5FEA41211ED04FF00063D9
:1006C00043EA501043EA5111A0FB01310CF0004005
:1006D000B1F5000F3EBF490041EAD3715B0040EA2B
:1006E000010062F17F02FD2A1DD8B3F1004F40EBFB
:1006F000C25008BF20F00100704790F0000F0CF0CE
:10070000004C08BF49024CEA502040EA51207F3A91
:10071000C2BFD2F1FF0340EAC250704740F400006C
:100720004FF00003013A5DDC12F1190FDCBF00F05D
:1007300000407047C2F10002410021FA02F1C2F10B
:10074000200200FA02FC5FEA310040F1000053EAA7
:100750004C0308BF20EADC70704792F0000F00F0F5
:10076000004C02BF400010F4000F013AF9D040EAFB
:100770000C0093F0000F01F0004C02BF490011F48F
:10078000000F013BF9D041EA0C018FE70CEAD1538D
:1007900092EA0C0F18BF93EA0C0F0AD030F0004C0D
:1007A00018BF31F0004CD8D180EA010000F00040C1
:1007B000704790F0000F17BF90F0004F084691F07F
:1007C000000F91F0004F14D092EA0C0F01D14202B9
:1007D0000FD193EA0C0F03D14B0218BF084608D182
:1007E00080EA010000F0004040F0FE4040F40000CC
:1007F000704740F0FE4040F4400070474FF0FF0C5F
:100800001CEAD0521EBF1CEAD15392EA0C0F93EAA5
:100810000C0F69D0A2EB030280EA010C49024FEAF7
:10082000402037D04FF0805343EA111143EA1013B0
:100830000CF000408B4238BF5B0042F17D024FF468
:10084000000C8B4224BF5B1A40EA0C00B3EB510F43
:1008500024BFA3EB510340EA5C00B3EB910F24BF2C
:10086000A3EB910340EA9C00B3EBD10F24BFA3EBB1
:10087000D10340EADC001B0118BF5FEA1C1CE0D179
:10088000FD2A3FF650AF8B4240EBC25008BF20F02C
:10089000010070470CF0004C4CEA50207F32C2BF80
:1008A000D2F1FF0340EAC250704740F400004FF01D
:1008B0000003013A37E792F0000F00F0004C02BF4E
:1008C000400010F4000F013AF9D040EA0C0093F018
:1008D000000F01F0004C02BF490011F4000F013B72
:1008E000F9D041EA0C0195E70CEAD15392EA0C0FDA
:1008F00008D142027FF47DAF93EA0C0F7FF470AF12
:10090000084676E793EA0C0F04D14B023FF44CAF54
:1009100008466EE730F0004C18BF31F0004CCAD1E9
:1009200030F000427FF45CAF31F000437FF43CAF25
:100930005FE700BF4FF0FF3C06E000BF4FF0010C47
:1009400002E000BF4FF0010C4DF804CD4FEA400229
:100950004FEA41037FEA226C18BF7FEA236C11D073
:1009600001B052EA530C18BF90EA010F58BFB2EB26
:10097000030088BFC81738BF6FEAE17018BF40F0A6
:10098000010070477FEA226C02D15FEA402C05D15A
:100990007FEA236CE4D15FEA412CE1D05DF8040BDF
:1009A000704700BF844608466146FFE70FB5FFF772
:1009B000C9FF002848BF10F1000F0FBD4DF808ED2A
:1009C000FFF7F4FF0CBF012000205DF808FB00BF1B
:1009D0004DF808EDFFF7EAFF34BF012000205DF875
:1009E00008FB00BF4DF808EDFFF7E0FF94BF0120C2
:1009F00000205DF808FB00BF4DF808EDFFF7D2FFBF
:100A000094BF012000205DF808FB00BF4DF808ED01
:100A1000FFF7C8FF34BF012000205DF808FB00BFCE
:100A20004FEA4002B2F1FE4F0FD34FF09E03B3EBFB
:100A300012620DD94FEA002343F0004310F0004F3B
:100A400023FA02F018BF404270474FF00000704791
:100A500012F1610F01D1420205D110F0004008BF30
:100A60006FF0004070474FF00000704753B94AB92B
:100A7000002908BF00281CBF4FF0FF314FF0FF30A6
:100A800000F00CB8ADF1080C6DE904CE00F010F8E0
:100A9000DDF804E0DDE9022304B07047704700BFD1
:100AA000034613F8012B002AFBD1181A01387047AE
:100AB0002DE9F04786468C460846089E1546744642
:100AC0001946002B40F0C2808542B2FA82F245D925
:100AD0004AB1C2F1200300FA02FC2EFA03F395405A
:100AE00043EA0C0C94404FEA154EA8B2BCFBFEF84A
:100AF000230C0EFB18CC08FB00F943EA0C43994584
:100B000028D9EB1808F1FF3704D2994502D9A8F18A
:100B100002072B44A3EB0903A4B2B3FBFEFC0EFBBC
:100B20001C330CFB00F044EA0344A04214D92C19F6
:100B30000CF1FF3304D2A04202D9ACF102032C44E1
:100B4000241A43EA07401EB1D44000233460736086
:100B5000BDE8F0874746DDE76346F1E792BB431BFC
:100B600001214FEA154EAFB2B3FBFEFC200C0EFB89
:100B70001C330CFB07F840EA0343984562D9EB1895
:100B80000CF1FF3004D2984502D9ACF102002B449D
:100B9000A3EB0803A4B2B3FBFEFC0EFB1C330CFB5F
:100BA00007F744EA0344A7424ED92C190CF1FF334E
:100BB00004D2A74202D9ACF102032C44E41B43EA5D
:100BC0000040C0E7C2F1200320FA03F195409040B5
:100BD0002EFA03F303434FEA154EAFB2B1FBFEFC0E
:100BE0000EFB1C10190C0CFB07F841EA004188456C
:100BF00004FA02F422D969180CF1FF3004D28845B6
:100C000002D9ACF102002944A1EB08019BB2B1FB6F
:100C1000FEFC0EFB1C110CFB07F743EA01439F424D
:100C20000ED9EB180CF1FF3104D29F4202D9ACF17E
:100C300002012B44DB1B41EA004192E76046E3E7F7
:100C40006146F7E76046A3E76346B7E7834206D904
:100C500016B9002108467BE7C6E900E0F9E7B3FAD8
:100C600083F78FB9834201D3724508D8BEEB0204E3
:100C700060EB030301209C461EB9002168E738465B
:100C8000FAE7C6E9004CF8E7C7F1200CBB4022FAAE
:100C90000CF41C432EFA0CF120FA0CF3B84001437B
:100CA0004FEA14490EFA07F5B3FBF9F81FFA84FE70
:100CB00009FB18300B0C08FB0EFA43EA00439A4577
:100CC00002FA07F240D9E31808F1FF3004D29A453E
:100CD00002D9A8F102002344A3EB0A0389B2B3FBB3
:100CE000F9F809FB183308FB0EFE41EA03418E4573
:100CF0002CD9611808F1FF3304D28E4502D9A8F12E
:100D00000203214443EA0040A0FB0298A1EB0E013C
:100D10004145CE46434602D306D14D4504D2B9EBF8
:100D2000020E68EB04030138002EA6D0B5EB0E02CC
:100D300061EB030101FA0CFC22FA07F34CEA03030E
:100D4000F940C6E9003198E74046C5E74346D9E790
:100D50002DE9F04F89B005902D4FBB68039300211A
:100D60005B6806AA38469847011E1ADBDDE9064B88
:100D7000284EDFF8A490A4FB0623049206FB0B3850
:100D8000049821A3D3E900234146FFF76FFE049B9B
:100D90004FF0FF3A9A4579EB0803054607D26FF00A
:100DA00085011E4809B0BDE8F04F08F0A2BB059BC5
:100DB000642B28BF642373436422B3FBF2F3A3FBC9
:100DC000046403FB0B4421460FA3D3E90023304600
:100DD000FFF74CFEB24579EB04040346DFD38542AE
:100DE00002D26FF01501DCE700220092039A002185
:100DF000146838462A46A04701460028D1D109B0D8
:100E0000BDE8F08FAFF3008000CA9A3B00000000FD
:100E1000A8AC0000002D3101FFC99A3B98B6000034
:100E200010B5094C204609F0EFFA28B921680748A7
:100E3000BDE8104008F05DBB0020FFF789FFBDE86A
:100E40001040034808F055BBA8AC0000ABB600004A
:100E5000CDB6000010B5FFF7E3FF0020FFF778FFE5
:100E6000064C4FF0FF324FF0FF33204605F0AEFF47
:100E700000F06EFAC0B2FFF76BFFF2E7E402002069
:100E8000014B1868704700BF780C002008B50D486A
:100E900009F0BAFA20B90C4A0C48032108F01BFFEC
:100EA00008480B4983681B689847031E04DA094AFF
:100EB0000648032108F018FF074B01225A600C2254
:100EC0001A8208BD88AC0000F5B60000C8AF00006B
:100ED000EEB200000EB70000A00000202DE9FF4197
:100EE000FFF7D4FF4FF4004200231A48194E1A4D61
:100EF0001A4FCDE9002306F087FD304606F0BEFD0F
:100F0000D5F808801649D8F80430134898470346A6
:100F1000C8B9144BB3F90040B8F8083003A96343CB
:100F2000039302F077FC08B9039C2413A4F5FA702C
:100F3000FFF75CFB3946FFF761FC0B4B18600B4871
:100F400005F010FFD9E70A4A0A48032108F0CCFE51
:100F5000D3E700BFB801002088AC000000002041AA
:100F6000A0000020D8150020780C0020C40200202A
:100F70002BB70000C8AF00002DE9F7434FF07E53B8
:100F8000184A1949194800F037F84FF40042002375
:100F90001748144FDFF85080CDE9002306F034FDE8
:100FA0004FF07E56124806F069FD00F0B1F9814617
:100FB00000F08EF9054600F0E1F93346044658B9D1
:100FC0000A483A46414600F017F8204600F0B0F9CA
:100FD000084805F0C7FEE5E74A462946034808F0F9
:100FE00095F8F3E7000002430000A0417C0C0020CC
:100FF000F0010020E402002083600023C36003614D
:101000004361024B01604260836170470000C84247
:1010100008B508F0DBF80A4A1368C31AC72B0DDDC0
:10102000106000F0ABF948B100F052F94FF07E517A
:10103000FFF728FABDE8084000F032B908BD00BF4C
:101040009C0C002008B508F0C1F80A4A1368C31ABE
:10105000C72B0DDD106000F091F948B100F038F9B0
:101060004FF07E51FFF70CFABDE8084000F018B9C8
:1010700008BD00BF980C0020014603488368DB6967
:101080000BB101221847704748AC000010B508F0BA
:101090009DF80A4A1368C31AC72B0EDD106000F0D2
:1010A0006DF980F00104E4B2204600F061F92146B8
:1010B0000348BDE8104008F0B0B810BDA00C0020F7
:1010C00014B3000008B5274809F09EF9002845D060
:1010D0004FF48031244808F0B4F8234808F084F82D
:1010E0004FF48031214808F0ACF8204808F07CF833
:1010F0004FF480311E4808F0A4F81D4808F074F839
:101100001C484FF4B01108F09CF81B484FF4B01184
:1011100008F097F819484FF4B01108F092F84FF41E
:10112000B011174808F08DF81648174B43604FF47C
:1011300000638360FFF7A0FF1448154B43604FF432
:1011400080538360FFF798FF1248134B43604FF0C2
:1011500000738360FFF790FF002008BD4FF0FF3061
:10116000FBE700BF48AC00002CB3000024B3000034
:101170001CB3000014B300000CB3000004B3000063
:10118000FCB20000BC0C00208D100000B00C002050
:1011900011100000A40C0020451000002DE9F047BC
:1011A000FFF790FF10B1314808F0A3F908F00EF8EE
:1011B000DFF8BC80DFF8BC902F4F054615F57A7438
:1011C00000F0DCF82546064648B901462B4808F0F1
:1011D00024F83146384608F020F8314617E000F090
:1011E00077F8064600F094F801463046FFF748F9D4
:1011F00041460646FFF70AFC8246F8B1012138460F
:1012000008F00BF800211D4808F007F800211C48E1
:1012100008F003F807F0DAFF241A002CCEDD4FF4B3
:10122000004640F2E73000214FF47A720023E4FBDD
:101230000601FFF71BFC09F036FABFE730464946C6
:10124000FFF7C6FB064648B15146384607F0E5FFB2
:1012500051460A4807F0E1FF0121D8E70146384628
:1012600007F0DBFF05480121B5E700BF52B70000DA
:101270000000A0400000A0C004B300000CB30000B8
:10128000FCB2000002460B46014805F0A3BC00BFBB
:1012900074020020014805F015BD00BF7402002053
:1012A00010B508490446FFF7B1FB38B90649204696
:1012B000FFF78EFB20B9054B1C6010BD014CFAE70F
:1012C000014CF8E7000070420000A041B40000208B
:1012D00010B54FF0FF304FF0FF31FFF7D3FF034B56
:1012E0001C68FFF7D7FF204610BD00BFB4000020E8
:1012F00010B54FF0FF3104464FF0FF30FFF7C2FF4B
:10130000024B1C60BDE81040FFF7C4BFCC0C0020AE
:1013100010B54FF0FF304FF0FF31FFF7B3FF034B35
:101320001C68FFF7B7FF204610BD00BFCC0C0020A3
:1013300010B54FF0FF3104464FF0FF30FFF7A2FF2A
:10134000024B1C60BDE81040FFF7A4BFC80C002092
:1013500010B54FF0FF304FF0FF31FFF793FF034B15
:101360001C68FFF797FF204610BD00BFC80C002087
:10137000014B1870704700BFE215002010B54FF008
:10138000FF304FF0FF31FFF77DFF034B1C78E4B2D5
:10139000FFF780FF204610BDE21500202DE9F04F39
:1013A00085B002AF364A3748032108F094FC364A2C
:1013B0003448032108F08FFC4FF4004200233348E7
:1013C000DFF8C890DFF8C8A0DFF8C8B0CDE9002387
:1013D00006F01AFB484606F051FBFFF7CFFF8046A8
:1013E000FFF776FF0546FFF793FF0446FFF7B0FFD0
:1013F0000646B8F1000F05D1274A2248032108F01C
:101400006AFCE7E721462846FFF73AF8514680464E
:10141000FFF7FCFA002831D159464046FFF7D8FAC9
:101420001E4B1F4A002808BF1346C7F804D08EB0D1
:101430003B600DF108081B49C8F814102846FEF758
:10144000C3FFC8E906012046FEF7BEFF3B68C8F8A7
:101450002C30424640F20373A8F83030124BC8F8E3
:101460002860C8E9080142F8103F0648002344F20A
:10147000C04100F0D1FFD7F804D0ABE70B4BD4E765
:1014800087B70000D8AF00009BB7000028020020FB
:101490000000A0400000A0C0C2B7000074B7000068
:1014A0007EB70000DAB70000080000016AB700004C
:1014B0002DE9F041104F114E4FF07C584FF0FF33A3
:1014C0004FF0FF32384605F081FCFFF7D9FC337846
:1014D0000B4D044633B10023286033702046FFF7DC
:1014E00007FFEBE72968FEF7CDFF4146FFF7D2F88B
:1014F0002C600446F2E700BFC40200206C0100200B
:10150000D00C00202DE9F04F91B08407009302F039
:1015100004030293C2F3C20303F10103DDF8688000
:10152000039205460E46059340F0BA81041D30B182
:10153000072909D86FF01B0011B0BDE8F08F01F04A
:1015400007063444C6F10806009B4FF00009591EF7
:101550004FF0040A4FF0FF330193CDF810904F463F
:10156000CB4653460DB1009A22600598002800F33F
:10157000E8809848009A824203D397488242C0F09C
:10158000E080039AA4EB050E92074FEA9E0000F15B
:1015900003810F2F00F2B180002D00F0058107F1CB
:1015A00040020DEB020C019A0CF8200C0CF8102CE8
:1015B000049801300490E7E07A285DD84B280ED8D3
:1015C000472859D829282DD8252852D054D8202842
:1015D0007AD02338D0F1000B4BEB000B74E04C3881
:1015E0002E2849D8DFE800F0704848484848484865
:1015F000484848484B484848484848484859484B54
:101600004B595959704B6D487048184B18484882CF
:101610007F4B48484B487F0000204FF0000B4FF0B5
:10162000040A38E02A38C0B2012202FA00F010EAB7
:101630000E0F49D110F0625C2FD110EA020B43D09B
:101640006046013C5444B4FBFAF40AFB04F4002D58
:1016500061D0A3EB050CA444B4453FF66BAF002862
:1016600068D1042B47D158F8043B23600434042389
:101670002AE0019A013A01924FF0000B24E011F8A0
:10168000010C6C2834D111F8023C00206C2B8346ED
:10169000C5D14FF0080A5346D3E708F1070828F0F0
:1016A00007080734F8E802AB24F0070435B10698C0
:1016B0002044B0423FF63EAFC4E900AB08344FF0DF
:1016C000000B4FF0080A534611F8010F002878D09C
:1016D000BBF1000F7FF470AF2528F5D1019B0133DA
:1016E00001934FF0010B4FF0040AECE7584694E7E2
:1016F00000208346A5E7082B02D06FF015001BE7FA
:1017000008F1070828F00708F8E80223C4E90023D5
:1017100008340823D8E768B9042B02D108F104087B
:10172000A4E7082BE9D108F1070828F0070808F119
:101730000808EDE7059A013A059258F8042B009243
:1017400010E7039A900720D5A4EB050E4FEA9E0000
:101750004FF0010CBEF5007FCFD20F2FCDD8F5B1E1
:1017600007F140020DEB020EC0B2019A0EF8200CF8
:101770000EF8102CBCF1000F3FF41AAF60F07F00A0
:101780000EF8200C09F101090137C5F108020434F3
:1017900006924FF6DA7E97E74FF0000CDAE7BCF1DD
:1017A000000F01D00136EFE7029802360028EBD196
:1017B0000098CDE90631FFF773F9DDE906310644FB
:1017C000E2E7631BB3F5806F97D23DB9A6F1080439
:1017D000E018B1E698AB000058C30000029A2860F8
:1017E0009B082B709DF81030C2B1EB7085F8029009
:1017F000B9F1000F05D008A80022C5F1010C9742ED
:101800000ED1C5F101030DF120084FF0000A01933C
:101810000DF1300B574512D1601B8DE66B70E5E77B
:1018200010F8013B190608D50CEB040EB64503F081
:101830007F033FF67FAE04F8013B0132DFE7B9F1E9
:10184000000F03D098F90020002A17DB029BD3B1C8
:101850001AF80B2004F8012B0022019B18191044E0
:10186000B0423FF667AE98F8000004F8010B00990B
:101870000392204608F0ABFF039A14440AF1010AD0
:1018800008F10108C6E798F8002055F822300093C7
:10189000029B45F822300098FFF702F9421CDCE772
:1018A0006FF00D0048E600BF2DE9F04F97B000AF94
:1018B00090F802A0D7F880B03B62CBF3C003044697
:1018C000FA62BB61894641B9457800780AEB80002D
:1018D00020444D4517D8A0EB0409E378FB61BAF129
:1018E000000F02D01BF0010F16D1FB6953BBFB6A3E
:1018F0001BB13A6A4946204698474D4628465C3710
:10190000BD46BDE8F08F461C3046FFF7C9F80130F0
:10191000304409F10109DCE7237862687A62FA6AE7
:101920009900796104EB8301002A40F000814D4663
:101930000E4601EB0A094FF000084E454CD101EB71
:101940000A0610E01BF0020FD1D023789A007A61CA
:1019500062687A62FA6A04EB8301002A77D14D4605
:1019600001EB0A0690461BF0050F0CBF0223012372
:10197000FB62FB6906EB430A0BF00203BB625645B0
:10198000BCD016F8021B16F8013C54F82390994B72
:10199000994502D3984B994536D3BB69002B40D06B
:1019A000786A07F07FFD00283BD0E9468AB06A4696
:1019B000924B53617B6AC2E906314FF40073138482
:1019C0008F4B42F8103F8F4800234FF4125100F024
:1019D00023FD023DCD46D2E716F8013BF96254F8EB
:1019E0002300FFF75DF8D7F88430F96A01304BB176
:1019F000D7F8883098453EBFD7F8843023F81800D0
:101A000008F10108054498E7BB6923B1786A07F03B
:101A100049FD0028C9D11BF0010F05D1FB6AED1A61
:101A2000ADE7BB6A002BAAD04846FFF739F8D7F8D4
:101A3000843053B1D7F8883098453FBFD7F8842019
:101A4000431C22F8183008F10108054497E7BAF161
:101A5000000F72D01BF0040672D0D046002607F1AA
:101A6000480052463B61B96208F0B1FEB96A3B6971
:101A700001EB0A02BA62FA69F9695200FA60BA6ABD
:101A800002EB41023A610BF00202BA603A69B96AAC
:101A90008A4257D162787A621BF0020F32440CBF3F
:101AA0004FEA580100211BF0010FD2B240F09F8095
:101AB0001BF0040F14BF40460020BB616270A07091
:101AC000E1703A6A7969FB6A20469847051EFFF67D
:101AD00015AFBB6923707B6A6370FB69E370414695
:101AE0003A6AFB6A84F802A007F148009847B0F10F
:101AF0000008C0F2BB807B693A6AA9EB0A01C91AE7
:101B0000FB68C91AD7E90A0398470028C0F2B080D9
:101B1000A84408EB00054FF0000B07F1380AB34565
:101B200072D300213A6AFB6A08469847E6E65646B1
:101B30004FF0000807F1380093E75646D04697E784
:101B4000B04695E7BA6A12F8021BBA6212F8015C55
:101B5000284A54F82500904202D3274A90421ED3C7
:101B6000BA6932B1786A7B6007F09CFC7B68002818
:101B70008CD1BA6802BB08F1280207F1300C08F1D9
:101B80000100944407F1580252FA80F008F102086B
:101B90000CF8101C5FFA88F800F8105C76E7BA6958
:101BA0003AB1786A7B6007F07DFC7B6800287FF49F
:101BB0006DAF1BF0010F09D006F1280207F13000CC
:101BC000711C161806F8205CCEB25FE71BF0040FFC
:101BD0003FF45CAF08F1280207F1300008F1010181
:101BE00002EB000808F8105C5FFA81F84EE700206D
:101BF00063E700BF98AB000058C300001CB80000AA
:101C000004000001F0AF00001BF80A3087F83730FD
:101C100054F82390D7F884302BB3D7F888309B45FD
:101C200021D2D7F8843033F81B803A6AFB6A01214D
:101C300007F13700984700281ADB0544B8F1000F78
:101C400006D14846FEF72CFF00F101081FFA88F87C
:101C50003A6AFB6A414648469847002808DB054433
:101C60000BF1010B5BE74FF00008DEE7454645E668
:101C7000054643E6014B1860704700BFB8000020DE
:101C800080B505460E461746984605F0D1FB03463B
:101C900008F078FFDFF81890044649F80030424613
:101CA00030463946A84754F8090001F0AFFA00BFA2
:101CB000080000002DE9F047058B044628079046F0
:101CC00011D4022905F0070540F0CC80204607F02A
:101CD00087FE78B10138218B042811D8DFE800F0A5
:101CE000C2106D85950001290CBF45F0100545F027
:101CF0002005258388F31188BFF36F8FBDE8F08737
:101D000001F0070AAA4500F0A5800027B9463E4623
:101D1000A368002B00F0BC8041F00801218388F308
:101D20001188BFF36F8FA168002900F0BA800D6899
:101D3000002900F0B680D1F8048033465246204690
:101D4000C047002D76D02B6829461D46F0E701F0EC
:101D500007035A1F012A1BD8002221F00701062B76
:101D6000276889B2C4E9002209D13B4603E0628BAF
:101D7000013262831B68002BF9D141F002012183FB
:101D8000204607F02DFE00287AD041F0200176E0B1
:101D9000042B0AD121F0070189B22183204607F0E4
:101DA0001FFE10B141F020012183218B01F0070AB1
:101DB000AA454FD00027B946AAE7236921F00701B9
:101DC00041F00601062DD3F8009021832DD1B9F101
:101DD000000F3FD041F00801218388F31188BFF341
:101DE0006F8F3A492046C84729E021F0070123694F
:101DF00041F0040189B2042DD3F804902183E6D088
:101E000000273E464FF0040A82E721F007012369CC
:101E100041F0050189B2052DD3F808902183D6D071
:101E200000273E464FF0050A72E700273E464FF076
:101E3000060A6DE72B4687E7B9F1000FD1D1EFF322
:101E40001188202383F31288BFF36F8F238B23F035
:101E500008032383258BEA062ED525F01003238360
:101E600005F007056669218B002EBFF670AF0023D1
:101E70002768C4E9003321F0070141F00101218303
:101E8000218B01F0070AAA454FF000097FF440AF0B
:101E9000002F9CD041F00801218388F31188BFF303
:101EA0006F8F002FC8D03D683946334652462046D2
:101EB00007F0C2FD2F46F4E7AB067FF51BAF25F018
:101EC0002003238305F0070500E700BF659A0000A3
:101ED0002DE9F047DFF85880044607464FF0010926
:101EE00014B93846BDE8F08794FAA4F5B5FA85F53B
:101EF00009FA05F32E0108EB05156FEA030A24EA37
:101F000003042B7B002BEBD058F806301B694BB930
:101F10004644042273682846196807EA0A0707F04E
:101F20006BFEDDE7284698470028D9D1F0E700BFCF
:101F300040B0000030B51049104889B0002208F0C8
:101F40001EFC0F4D0F4900220023CDE9062300247B
:101F50000E23CDE90334CDE901440B4B00944FF43B
:101F60004072284604F0A4FF0849284608F005FB03
:101F7000204609B030BD00BF911F0000800A00203C
:101F8000F805002080330020BD220000D0B80000FA
:101F9000014804F0E7BE00BFD40200202DE9F0475D
:101FA000804621480F4607F007FE0646002833D03A
:101FB00000252846BDE8F087237B83B12368DB68D2
:101FC0000BB120469847636883F8069023681B6925
:101FD000D3B9636804221968204607F00DFE013664
:101FE00010345445E8D3B8F1000FE2D0002DDFD013
:101FF0002846FFF76DFF0546002FF7D000214FF46C
:10200000A47008F050FBF1E7204698470028E0D084
:1020100009FA06F31D43E2E7044CDFF814A0054675
:102020004FF00109DDE700BFE40C002040B00000E4
:1020300050B00000014B53F82000704748B3000037
:1020400008B5034608462BB1044A136000F07AFC39
:10205000002008BD6FF01500FBE700BFBC000020AA
:1020600010B5044C237813B9034804F07BFE012318
:10207000237010BDE3150020D402002010B50446E3
:102080000B4807F099FD5CB1BFF35B8F094B53E838
:10209000001F013943E80012002AF8D1BFF35B8F1B
:1020A000054808F078FB0548BDE8104004F05ABE2A
:1020B000DC0C0020E00C0020800A0020D40200206C
:1020C0000020064BBFF35B8F014653E8000F43E847
:1020D0000012002AF9D1BFF35B8F7047DC0C00209F
:1020E00070B5FFF7EDFF084C084E0546B44200D32B
:1020F00070BD63685B792BB123685B6813B12946B7
:10210000204698471034F1E740B0000050B000007E
:1021100010B5044C0449204607F0FBFA034B1C6041
:1021200010BD00BF7C01002034B30000D40C00209F
:102130000D4A0E48002310B513700D4A13600D4A66
:102140004FF400411360FFF77BFFFFF7E1FF0A4BFD
:102150000A4918468B4200D310BD1A1A5C68121146
:10216000013222711033F5E7E4150020B59B000021
:10217000DC0C0020E00C002040B0000050B000005B
:10218000014600220148002307F0E4BA7C01002048
:10219000014807F07DBB00BF7C010020024B0146D7
:1021A000186807F0C9BB00BFD40C0020014807F035
:1021B000FEBB00BF7C01002070B5294B18780028B9
:1021C0004DD0FFF7E5FF0546002845D1254B264CAD
:1021D0001B68002B19DD08F0D0FA4FF47A72A0FBCF
:1021E000020302FB0131C30BD4E9002043EA41435F
:1021F0009B1A4FEAD13140F2E93261EB0001934280
:1022000071F1000101D3FFF76BFFD4E9003213F540
:102210007A7342F10002C4E90032BDE87040FFF772
:10222000C5BF63685B7923B1236829461B682046D4
:1022300098471034B442F4D32846FFF7AFFFBFF3FA
:102240005B8F0A4B53E8001F013943E80012002A54
:10225000F8D1BFF35B8FB9E7054C064EEAE770BDD6
:10226000E3150020DC0C0020780A0020E00C0020A0
:1022700040B0000050B0000070B50D4D297861B934
:102280000120FFF78BFE0B4C0B4EB44206D3FFF739
:1022900093FF0028FBD101232B7070BD63685B792D
:1022A0001BB1236820469B6898471034EDE700BFB8
:1022B000E415002040B0000050B0000000212DE9DE
:1022C000F0470846FFF76AFE044658B340F26768D5
:1022D0004FF0000908F056FC1B4B1C4A1B581360BA
:1022E00033B11B4B1B68092B02DD1A4804F03AFD81
:1022F000194FDFF860A0002544B12046FFF7E8FD44
:10230000044618B94FF0FF384FF0FF39FFF754FF7C
:10231000064628B9B5B942464B46504604F056FD2C
:102320003546E9E74FF0FF384FF0FF39D2E72B6829
:102330009B691BB100221146284698471035BD42C3
:10234000F5D3E8E7054DFAE708000000D80C0020B7
:10235000E00C0020D402002050B0000040B000008B
:1023600013B5184807F028FC174B1B7873B1EFF32F
:102370001184202383F31288BFF36F8FFFF71CFFB4
:1023800084F31188BFF36F8F02B010BD0F4B1B6831
:10239000002BF9D050B900220023CDE900230C48CE
:1023A0004FF40042002305F02FFBEDE70928EBD1A5
:1023B000074808F0F0F9074802B0BDE8104004F003
:1023C000D1BC00BFE00C0020E4150020D80C002098
:1023D000800A0020D402002010B5064B1B6804467A
:1023E00098472146A060044807F033FABDE8104042
:1023F000FFF7B6BFBC0000207C010020044A054B5B
:102400009B1AB1EBD30F34BF52F831000020704754
:10241000C8AF000040B000002DE9F04F8FB004AF0E
:10242000C1F34A28B8600D4691467B600C0DB8F1A7
:10243000000F63D0002607F114034FF0040B4FF098
:102440000A0AC7F80C80C7E907667E620193CDF8D7
:1024500008B0CDF800A007F11C03F96832464846E1
:10246000FFF722FAB0F5006F03461CD36C468AB022
:10247000D9F8041004AB2648C3E9050140F2FF7106
:10248000D9611A464FF400711984224B42F8103F6B
:10249000214833464FF41251FFF7BEFFA5462C37B3
:1024A000BD46BDE8F08FC0F30A0804F117001844D8
:1024B00020F0070080083B60FFF762FE68F35325B9
:1024C000044690B13B68154AC7E9083600F110018F
:1024D00007F11403F961CDE900A3CDF808B0F9685C
:1024E00007F11C034846FFF7DFF968F353257B68C3
:1024F000B9682A46204607F09EFBD0E704F1170092
:1025000020F007008008FFF73BFE0446EDE700BF20
:10251000E5B800000400000100B000000B9C0000C2
:102520002DE9F04F87B0DDE91279DDE9105A044654
:10253000039193469846BFB1CDF800903B46524672
:1025400010210020CDF81490FEF7DCFFB0F5006FED
:1025500006460AD3184A194840F2FF73022107B011
:10256000BDE8F04F07F0C0BB3E4605F11700304410
:1025700020F0070004F007048008FFF701FE0BF0CD
:10258000070BE40044EA8B1444EA462444EA055469
:10259000054640B13FB1CDF800903B46524631462A
:1025A0001030FEF7AFFF039943462246284607B096
:1025B000BDE8F04F07F03FBB24B9000000B00000B9
:1025C000406820B1034BC01A40F3CF0070474FF072
:1025D000FF307047C8AF00000EB403B503AB01462F
:1025E00053F8042B0448019301F0A6F802B05DF8FB
:1025F00004EB03B0704700BF4B9D0000CA0605D432
:102600008B064CBF02490349FFF7E6BF704700BF86
:102610005DB900005CB900002DE9F04F89B09B4620
:10262000149B06939DF84CA0159B0593169B179E33
:10263000049304460D469046BAF1000F00F09D80C9
:1026400006F48073079307F0D5FA06F002090246F4
:1026500000283ED091492046FFF7BEFF0746B9F15A
:10266000000F08D016F0440F35D18D492A46204678
:10267000FFF7B2FF074406F0010353B1894B8A49C3
:1026800053F82A20894B2046002A08BF1A46FFF734
:10269000A3FF06F48073002B49D006F00803002B3B
:1026A00063D1B8F1000F66D0814942462046FFF75A
:1026B00093FF0546069B3D44002B6DD1049B002BE8
:1026C00073D1F30700F1E48031462046FFF796FF0F
:1026D000D8E00746C3E7774B18680028CAD0764B86
:1026E0004FF47A791B68B5FBF3F54FF46163B5FBE2
:1026F000F0F100FB115509FB05F54FF03C0CB1FB67
:10270000F3F203FB1211B5FBF0FEB1FBFCF300FB8F
:102710001E550CFB131109FB05F50091B5FBF0F5F7
:102720006649CDE901E52046FFF756FFA2E706F02E
:102730000803EBB1624B634953F82A202046FFF7A8
:102740004BFF0546B8F1000F05D0594942462046D7
:10275000FFF742FF0544BBF1000FABD05A495A4680
:102760002046FFF739FF0544A4E74FF0000BE1E7EF
:1027700006F00805E6E745469CE7BBF1010F069B1E
:1027800006D1002B64D1049B002B7BD000250CE0EC
:10279000002BF8D04D485CE04D48069B4D49224641
:1027A00006F04FFE049B002B68D0DFF82C81DFF889
:1027B0002C91049F3146102F204628BF1027FFF789
:1027C0001DFF4FF0000B5D4545DC059B49461A781F
:1027D0002046FFF701FF4FF0010B1BF0070F03D15D
:1027E00041462046FFF7F8FE5F453BD9059B494629
:1027F00013F80B202046FFF7EFFE0BF1010BBBF1A6
:10280000100FEAD1364920464FF0000BFFF7E4FEE7
:102810005A46059B9A5CA2F120015F2928BF2E220F
:1028200030492046FFF7D8FE0BF1010BBBF1100F2A
:102830001DD01BF0070F03D141462046FFF7CCFE09
:102840005F455A46E5D841462046FFF7C5FEEBE70F
:102850001F485546A1E741462046FFF7BDFE0BF154
:10286000010BB0E720492046FFF7B6FEC5E7059B00
:102870003B440593049BDB1B04939AD1BAF1000FF0
:102880007FF41FAF204609B0BDE8F04F07F050BA03
:10289000064A05492046FFF79FFE15E764B9000088
:1028A00068B9000058B300007ABF00005FB90000AB
:1028B0008DB90000EC0C0020E80C002071B900007C
:1028C0006CB3000091B9000097B90000819D000031
:1028D0004B9D000039370000A4B900009CB90000EE
:1028E000A6B90000A8B90000A2B9000073B542F271
:1028F0000F738B4228BF0B4605680F4A044605211B
:10290000684605F0D5FA63680C495B6806460B22F9
:10291000284607F0FFF963683246694628465B6837
:1029200007F0F8F9636806495B681B22284607F040
:10293000F1F902B070BD00BFACBF0000C7B9000024
:10294000ABB90000074A00210123904206D8064A8D
:1029500001B901231360054B1860704740085B0004
:102960000121F2E740420F00E80C0020EC0C0020AF
:10297000F8B5074F0D4604464618B44201D1284623
:10298000F8BD14F8011BBB6801485B689847F4E781
:1029900068AC0000014B036000207047B4B3000036
:1029A00008B5044806F0A5FDBDE80840024806F059
:1029B000A0BD00BF0DBA000042BA0000014805F0FA
:1029C000CFB800BFB4B3000038B5044618B90F4BF8
:1029D0000F485B6898476168B1F5683F10D0B1F562
:1029E000680F0DD00B4DA9420AD011F46861206820
:1029F00007D00146084807F05DFD002323606560AD
:102A000038BD142207F0F1FEF9E700BF0C010020E9
:102A100070BA00002C5F5CA91412002008B520B326
:102A20004368B3F5683F10D101220368BFF35B8FA1
:102A300053E8001F002903D143E800200028F7D104
:102A4000BFF35B8F0DD1002008BD094A93420AD025
:102A500000684FF0FF324FF0FF3304F0BBF800285E
:102A6000F1D00448F0E70448EEE76FF4E040EBE70C
:102A70002C5F5CA9E98FFFFFEA8FFFFF08B5D8B193
:102A80004368B3F5683F10D100220368BFF35B8F42
:102A900053E8001F012903D143E800200028F7D1A3
:102AA000BFF35B8F0BD1002008BD074A934208D0CB
:102AB000006804F007F9F6E76FF4E040F4E7034834
:102AC000F2E70348F0E700BF2C5F5CA9E98FFFFF46
:102AD000EA8FFFFF10B5044618B91D4B1D485B680F
:102AE00098476368B3F5683F2FD0B3F5680F2CD0D3
:102AF000194A934219D1236803BB18484FF0FF329B
:102B00004FF0FF33214604F037F808B923681BB9AA
:102B10000F4B13485B68984720681422002107F088
:102B200064FE4FF46863636008E0B3F5683F0DD856
:102B30003A2B03D040F6BA629342DED1206807F008
:102B400003FD636843F03A03636010BD054AF3E791
:102B50000C01002070BA00002C5F5CA91412002048
:102B600096BA00003A00003A08B5064906484023E4
:102B7000142207F091FCBDE808400449044805F020
:102B800061B800BF140D002014120020BCB3000077
:102B9000D0B300002DE9F047064600AF0C460029EF
:102BA00036D0E9468AB0D1E90012A3686D462148C3
:102BB000A8464FF0050AC5E90501C5E9072348F80D
:102BC00010AF1D48424600234FF42151FFF724FC6B
:102BD000CD46D4E903126369AD461848C5F810A084
:102BE000C5E90501C5E907231348002342464FF410
:102BF0002151FFF711FCCD46E369114A0E4801212E
:102C000007F072F8A3690F4A0B48012107F06CF82E
:102C1000012E07D1EFF305830B4A0748103B3146DD
:102C200007F062F82146304603F0FAFDBD46BDE8E4
:102C3000F08700BFC3BA000020B00000F2BA000065
:102C400021BB000030BB00005EBB000030BFFFF7BF
:102C5000FDBF00BF2DE9F0410B4EDFF8308006EBE1
:102C60000807CC1B054632460949204607F0AFFD50
:102C7000A01942460021083C07F0B7FD2C6707F178
:102C80000800BDE8F08100BF000000000400000063
:102C900050B00000054B5A699B689A421FBF044A16
:102CA000536843F080535360704700BFD413002033
:102CB00000ED00E070B5294C06460D46284829492C
:102CC00007F0E6F8A36AD9043CD52548264907F061
:102CD000DFF81720A36A1A0504D52148234907F015
:102CE000D7F818201D4CA36A9B0512D51C48204913
:102CF00007F0CEF8A36BA26A100409D51D4A184844
:102D0000012106F0F1FF1EB1A36A23F40043A36280
:102D10001920124CA36A590504D51148164907F029
:102D2000B7F81A20A36ADA050ED50D48134907F043
:102D3000AFF81B20094A936A43F47F439362002350
:102D40002B7070BD1620C5E7A36A9B04F2D504481A
:102D50000B4907F09DF81C20ECE700BF00ED00E0F8
:102D600020B0000071BB000087BB000098BB0000D2
:102D7000ABBB0000C4BB0000D9BB0000F4BB00002B
:102D80000CBC000010B5204C2049214807F080F809
:102D9000A36A990136D51E481E4907F079F81E200E
:102DA000A36ADA0104D51A481B4907F071F81F20FD
:102DB000154CA36A1B0304D51548184907F068F899
:102DC0002120A36A590304D51148154907F060F87A
:102DD00022200D4CA36A9A0304D50D48114907F02F
:102DE00057F82320A36ADB0304D509480E4907F0EE
:102DF0004FF82420044A936A6FEA03436FEA1343AF
:102E0000936210BD1D20CBE700ED00E03BBC00004D
:102E100020B0000053BC000066BC000080BC000075
:102E20009EBC0000C3BC0000DDBC00002DE9F843DF
:102E3000364D8046894636483649174607F028F809
:102E4000AB6ADE0627D53449314807F021F8112452
:102E5000AB6A1D0704D531492D4807F019F8122433
:102E60002A4DAB6A980718D52D49294807F010F864
:102E70006E6BAB6A190646D52A4A254833460121AE
:102E800006F032FFB9F1000F03D0AB6A23F08003E4
:102E9000AB62132403E01024DAE76FF015061B4D34
:102EA000AB6ADA0704D52049194806F0F1FF14246B
:102EB000AB6A9B0604D51D49154806F0E9FF1524A9
:102EC000124B9A6AD50602D49A6A90070AD55B68B3
:102ED000190507D54146304600F062FA10B180F37B
:102EE00009880224094B9A6A920642BF5A6A22F460
:102EF00000525A629A6A42F0FF029A6200233B70C3
:102F00002046BDE8F8836FF01506C2E700ED00E04B
:102F100020B0000008BD00001EBD000098BB0000EE
:102F200051BD000069BD00007FBD00000CBC000069
:102F30002DE9F041664B8AB0D3F8048000AF044617
:102F4000C8F30805002686F31188BFF36F8F02F0DF
:102F50007F43B3F17F4F07D102F00C03082B12D14E
:102F60005C495D4806F094FF002634460023FB715F
:102F7000EB1E092B00F28A80DFE803F00A80837CD5
:102F800088888888888610074CBF0C460126EDE7A4
:102F9000524951484E4D06F07BFF0023FB71EB6A0E
:102FA0009A0705D54E494C4806F072FF002332E0DF
:102FB000EB6A002B01DA4B49F5E7EB6A5B00F5D5CC
:102FC0004949454806F064FF6B69A26943F4807380
:102FD0006B61BFF34F8FBFF36F8F6B6932F8022CB9
:102FE00023F480736B61BFF34F8FBFF36F8F4DF688
:102FF00002739A4208D0AB6ADBB273B3FA1D0121A7
:103000002046FFF713FF37E02368384A3248012192
:1030100006F06AFE2368FA79DAB907F1080504F1C7
:10302000200C206861682A4603C2083464451546AE
:10303000F7D17A6A002E45D0C2F3080121B96FEAB0
:1030400052226FEA42227A6207F108011846FFF71E
:10305000A1FD2837BD46BDE8F081AB6A13F47F4F70
:1030600004D0F91D0120FFF725FE05E0AB6AB3F59A
:10307000803F9BD3FFF786FE0346CCE7FA1D002175
:10308000BEE7F91D0020EEE719498CE7194A1A4BF3
:1030900018F4F87FE8468AB018BF13466A46174905
:1030A000C2E905134FF400731384103D144BD5612E
:1030B00042F8103F084800234FF41151FFF7ACF9D4
:1030C000C54673E722F4FF7222F00102BBE700BF9E
:1030D00000ED00E0CCBD000020B00000F7BD000016
:1030E0000EBE00002FBE00003DBE00005CBE000012
:1030F00078BE0000B3BD00009EBD00009CBE000075
:1031000004000001044B5A6942F010025A615A69E6
:1031100022F008025A61704700ED00E0EFF30880EA
:10312000EFF3098101B57246FFF702FF01BD00BF51
:10313000002080F31488BFF36F8F0F4880F3088856
:1031400001F040FF00200D490860BFF34F8F00F0F1
:103150002BF8202080F3118809484FF404614018AF
:1031600080F30988EFF314800221084380F3148868
:10317000BFF36F8F00F0E4F88044002094ED00E08E
:10318000C03600200749D1F890200023C2F307225F
:103190001846934200DB7047C1F89830C1F8A00090
:1031A0000133F6E700ED00E008B572B6002383F3C3
:1031B0001388FFF7E7FF144B4FF0FF32C3F880206E
:1031C000C3F88420C3F88820C3F88C20C3F890206B
:1031D000C3F89420C3F89820C3F89C20C3F880213A
:1031E000C3F88421C3F88821C3F88C21C3F8902147
:1031F000C3F89421C3F89821C3F89C2162B6BFF3A9
:103200004F8FBFF36F8F08BD00E100E0084B9B6854
:1032100083420BD1EFF3058343B1064B5A6842F06A
:1032200080525A605A6A22F400425A6204F006B987
:10323000D413002000ED00E014498A684FF03000FC
:103240001044EFF3098C80E8F01F202080F31288EF
:10325000BFF36F8F0E4F4FF000664A698A603E6081
:10326000106F0C4C2060506F0023536780F311885F
:1032700004B5104600F0F8F8BDE8044002F1300053
:1032800090E8F01F8CF3098870470000D4130020E9
:1032900004ED00E0301200201EF0040F0CBFEFF32D
:1032A0000880EFF30980816911F8021C0229FFD020
:1032B00001B5724606F0E1FD01BD00BF40B2002835
:1032C00007DB044A4109012300F01F00834042F854
:1032D0002130704700E100E0054B420900F01F007B
:1032E00053F82220012303FA00F01040704700BF7A
:1032F00000E100E040B20028A8BF00F1604001F109
:103300000101B8BF064B4FEA4111ACBF00F5614067
:1033100000F00F00C9B2B4BF195480F80013704711
:1033200014ED00E0044B054A23F07F039360BFF3E4
:103330004F8FBFF36F8F70470000000000ED00E07B
:1033400008B5FFF7EFFF074AD2F8883023F470037F
:10335000C2F8883003F050FB04F092F900F05AF8FC
:1033600003F08EFB00ED00E042F8203C009B42F8A9
:103370001C3C0A49019B42F8183C029B42F8143C51
:1033800021F001014FF0807342F8043C42F8081C20
:103390000023203A02654367704700BF811C00008C
:1033A000094A0346906870B113F1160F006E05D0FC
:1033B000A0F140029A4205D8834203D2814228BF3D
:1033C0000020704700207047D413002008B5154630
:1033D000094A0A4B9060026F1A600E4600F044F8EA
:1033E0002C4686F309880020054B9847204600218B
:1033F00000220023034C2047D41300203012002069
:10340000A19E0000811C0000014B10221A61704730
:1034100000ED00E0044800232021C2180133302BC6
:1034200082F80013F9D1704700E100E008B5EFF32E
:103430000583064A103B02EBC30152F8330049688A
:103440008847BDE80840FFF725BC00BFC8AC0000B6
:10345000024B034A0348012100F08AB8000004200F
:1034600000000020E0B30000026E054B403A1A60F5
:10347000044A4021C3E901121846012100F082B834
:103480003412002000000B1508B503461048D0F890
:103490009020C2F30722013A934207D90D480E4A01
:1034A000012106F021FC6FF0150008BDC0F898302E
:1034B0000A6822F01F021A4342F01002C0F89C2052
:1034C0008A6842F00102C0F8A0201846EDE700BF6C
:1034D00000ED00E018B00000B3BE0000F0B50E46ED
:1034E00085B01F4604460025B5420DDA606810B36A
:1034F00097B1431E18420AD0104A11482B460121A9
:1035000006F0F2FB6FF01502104605B0F0BD1F2863
:10351000F2D921680B42EFD12368019306F0E3FC56
:10352000A36801A90343D0B20393FFF7ADFF10F1E5
:10353000160FE7D0421C01350C34D5E7D9BE000088
:1035400018B00000044B0522C3F89420BFF34F8F3E
:10355000BFF36F8F704700BF00ED00E0BFF35F8FD8
:10356000024B0022C3F89420704700BF00ED00E03A
:1035700010B5034C01232278FFF7B0FF207010BD77
:10358000E615002008B50B4A00231278FFF7A6FFC6
:1035900010F1160F07D0084A0021D2F89030C3F37B
:1035A0000723984200DB08BDC2F89800C2F8A010BB
:1035B0000130F2E7E615002000ED00E02DE9F043D0
:1035C00057485849D0F890300D68C3F307239D42FF
:1035D00085B000F2A180FFF7C1FF49680022954243
:1035E00001F10C011AD1504C504F25706846FFF77D
:1035F000D1F9DFF83C81DFF83C9106460025AE4268
:103600001FD1237846490020D1F89020C2F3072229
:1036100093427BDBFFF796FF00204CE0C0F8982038
:1036200051F80C3C23F01F03134343F01003C0F880
:103630009C3051F8043C43F00103C0F8A030013243
:10364000CDE7009800EB05114FEA051CCB683B4025
:10365000B3F5000F44D00AD8B3F5001F2ED0B3F550
:10366000800F34D0B3F5801F10D00135C7E7B3F118
:10367000807F3ED0B3F1007FF7D150F80C308868DE
:103680004A6806F030FC40F4802009E050F80C3025
:1036900088684A6806F027FC40F0885040F43020E3
:1036A000039001A92078CDE90123FFF7EDFE002862
:1036B00028DA6FF0150005B0BDE8F08350F80C3043
:1036C00088684A6806F00FFC40EA0800E8E750F80E
:1036D0000C3088684A6806F006FC40EA0900DFE71B
:1036E00050F80C3088684A6806F0FDFB40F08270A4
:1036F000D6E750F80C3088684A6806F0F4FB40F0D2
:103700008870CDE7237801332370AEE7C1F8983095
:10371000C1F8A000013377E74FF0FF30CBE700BFDF
:1037200000ED00E0ECB30000E61500200000F0FF23
:103730000000081100000206F0B587B007460E46EB
:1037400014460021102268461D4607F04EF8022359
:103750008DF802302A46054B019321466846CDE993
:10376000047604F06DFC07B0F0BD00BF079F0000B9
:1037700008B5024B1B689847002008BD4012002086
:10378000034B044A1860937843F002039370704728
:1037900040120020E800002008B50649064821F044
:1037A0000701C1F1005202F5802205F0F2FD002070
:1037B00008BD00BFC7440020441200200E4A012368
:1037C000C2F840354FF080424FF08051C2F8783552
:1037D000D1F83001082808D1D1F83411052904D8CE
:1037E0000648415C09B1C2F838364FF080430122E7
:1037F000C3F880250020704700E001400BBF0000A7
:1038000020B1034B800143F001031847704700BF0C
:1038100050B0000014280ED8084A12F8103053B1E6
:1038200002EB4002527832B108684343002093FB18
:10383000F2F30B6070476FF01500704715BF000082
:1038400008B502F0F9FD094A904203460DD0084838
:10385000084A012106F048FA07486FF00403436262
:10386000BDE80840143006F059BB08BD0000AD0BA0
:10387000E8AF00003FBF000000000020044B93F8B9
:103880003A3013B1034802F087BEFFF7D9BF00BF3B
:103890000000002051390000094BBFF35B8F53E853
:1038A000002F511C43E800100028F8D1BFF35B8FB4
:1038B0000AB9FFF7E3BF6FF00F025A62704700BF0B
:1038C0000000002080B500AF88B06A46094BC2E90D
:1038D00005304FF400739383074B42F8103F0748BD
:1038E00000234FF4E251FEF797FD6FF00400BD4650
:1038F00080BD00BF5DBF000003000001E8AF000015
:1039000010B50F49002204460E4806F038FF00208B
:1039100002F062FC0C4B984204D02068BDE81040D5
:10392000FFF7D0BF002201210720FFF7E3FC074883
:10393000C36813B9043006F0F1FA002010BD00BFCF
:1039400099380000600000200000AD0B000000204E
:103950002DE9F0410778002F40F09380544CE26A43
:1039600094F850C01CEA020F25460AD1514B0022A0
:10397000C3F80025A36A6BBB4F48BDE8F04106F0D1
:10398000CDBAB0F808E0A66D4FEA4E0E0123D0B2D2
:1039900018420AD094F898200CEA030192B121B1A0
:1039A00032460EEB0601914204D15B009BB26345A7
:1039B000EED9DBE732F9028BB8F1000FB8BF22F87D
:1039C000027CF0E721B1B6F900100029B8BF3280BF
:1039D0000236EAE7236CB4F84C2033B13749384853
:1039E0009847012828D002283FD0B4F84C30B4F8CA
:1039F00048209A4239D90133A4F84C3094F89830D1
:103A0000F3B9A36D94F8512003EB4203A36594F836
:103A10005110A06D02F0CAFC2A4A904203460FD012
:103A2000294A2A48012106F05FF96FF00403224871
:103A3000636206F073FA03E094F89830002BE6D046
:103A4000E36B1BB9BDE8F041FFF718BFBFF35B8F15
:103A500055E8003F5A1E45E800210029F8D1BFF380
:103A60005B8F012BEEDCBDE8F081E36B002B83D094
:103A700094F89830002B7FF47FAF154806F08BFE4A
:103A80007AE7022F10D102F0D7FC0E4A904203468B
:103A9000E9D00E480F4A012106F026F904486FF0DC
:103AA00004034362143068E7052FDCD164E700BFEC
:103AB00000000020007000401400002028000020BA
:103AC00088AC00000000AD0B7DBF0000E8AF000037
:103AD000600000203FBF000030B587B00A790023A6
:103AE000CDE903338DF8143002F01F030C46072B89
:103AF000C2F304018DF8151008D9534A5348012127
:103B000006F0F2F86FF0150007B030BD61798DF85E
:103B1000131012F0200114BFA2790A468DF8142068
:103B200022780C2A1ED8DFE802F00A07111D131DA7
:103B3000151D1D17191D1B0001228DF80E2062781E
:103B4000032A15D0042A16D0414A0CE00222F4E7D9
:103B50000322F2E70422F0E70522EEE70622ECE773
:103B60000722EAE73B4A3948012106F0B4F8C9E7E1
:103B700001228DF80F20628844F20A00824227D881
:103B800043F6FE70824203D8002A52D0324AEAE756
:103B9000A2F57F523F3A0B2AF8D801A050F822F044
:103BA0003B3C00008D3B00008D3B00008D3B000046
:103BB000F33B00008D3B0000ED3B00008D3B00001F
:103BC0008D3B00008D3B00008D3B0000333C00002E
:103BD00044F2140082422ED044F2280082422CD0BB
:103BE00044F20F008242D1D1032200E001228DF87D
:103BF00010201A4A012505FA03F392F85000DBB2AF
:103C0000E9B1A17909B18DF8115020EA030303A8A5
:103C100082F8503002F02AFB114B984211D02379E0
:103C200003F01F030F4A00900121084806F066F8D0
:103C300068E70222DBE70422D9E70522D7E703433E
:103C4000E5E7002060E700BF98BF0000E8AF000094
:103C5000CEBF0000AFBF0000F2BF00000000002098
:103C60000000AD0B1DC000002DE9F0430E4685B0ED
:103C70004FF0FF337F484FF0FF3203F0A7F877682B
:103C80007B1EFE2B05D97C4A7C48012106F023F8D7
:103C900010E000252C4627FA05F3DA0715D502F0C7
:103CA000F5FAE840C3070ED4754A2B467348012144
:103CB00006F01AF86FF015046E4806F02FF920464A
:103CC00005B0BDE8F0830134E4B20135082DE2D13E
:103CD0000CB96C4AD8E7337CA3F10802062A0FD846
:103CE000DFE802F0100E120E040E0C000221012C6F
:103CF000727C0BD0002A45D0634AC5E70321F6E762
:103D0000624AD3E70021F2E70121F0E7082A06D84A
:103D1000DFE802F008080808080808080800134649
:103D20005B4AC3E733686BB3186801387F2829D82A
:103D30008DF8082000228DF809201B68554A1B01C8
:103D4000013BADF80A30012382F898308DF80C3031
:103D500002AA514B384602F0CFFA504B9842A9D1F3
:103D60003368620013B19B8903FB0222F36893421C
:103D700011D2424800920121494A05F0BFFF6FF07D
:103D80000B0499E7434B002083F89800424B3846D8
:103D900002F082FAE1E73F4D85F8514095F89830FE
:103DA000B068A8652146A9462BB133689B890133C9
:103DB00013FB04F4A1B202F0F9FA384B98428046A2
:103DC00002D0384A034671E737460FCF364C0FC44E
:103DD0003B68236000276F623368002B46D00FCB0F
:103DE000261D86E80F00EB6BAE62A5F84C70002B29
:103DF0003CD0BFF35B8F59E8003F49E80072002ACE
:103E0000F9D1BFF35B8F95F89810E9B9E86B274EAD
:103E1000274A4FF40047E0FB076100233046FCF7D8
:103E200025FE0022CDE90001002304F1280003F063
:103E3000EBFD20484FF0FF324FF0FF3302F0C6FF9A
:103E400000B168626C6A37E702F0F6FA4045034653
:103E5000EFD0194A0948012105F046FF6FF004032D
:103E6000A4F124006B6206F059F8E2E7FFF706FDC3
:103E7000DFE700BF040000203DC00000E8AF000005
:103E80005BC0000075C00000B0C000008BC0000027
:103E9000E2C0000000000020513900000000AD0B1E
:103EA00005C100007DBF0000280000203F420F0038
:103EB00040420F00140000202AC10000084B70B5DA
:103EC000C31A0D4607499B10044659430648402231
:103ED00006F02FF82B4601462046BDE870401847F3
:103EE00064120020B76DDBB608AC000073B50C4C53
:103EF0000C4A4023041B00930D460B460A49A410AC
:103F000061430646094806F03FF8011E05DA3046CF
:103F10002B4602B0BDE87040184702B070BD00BF2C
:103F200064120020F19F0000B76DDBB608AC000002
:103F300010B5EFF31184202383F31288BFF36F8F42
:103F4000074A136823F00201DB07116002D4012045
:103F500006F053F984F31188BFF36F8F10BD00BFD3
:103F6000B4120020002270B5012104461046FFF76C
:103F7000C1F90F4801F0B0F90E4B984215D101F08C
:103F8000BBF926690C49304605F079FD00280BDBAA
:103F9000012535642469084904F11C0005F06FFD12
:103FA000002801DBE564002070BD6FF00400FBE732
:103FB000B54000000000AD0B0CB400001FB500229E
:103FC0000123CDE90223094ACDF800D06B46CDF894
:103FD00004D006F006F8002805DB4FF480420023E9
:103FE000684602F0F3FE05B05DF804FB0FA0000088
:103FF00030B4104B0C2202FB003301460020D3E901
:104000000E529863EFF31180202484F31288BFF3DB
:104010006F8F1C6C04F0C00444F002041C6480F335
:104020001188BFF36F8F1DB12B46034830BC184772
:1040300030BC70476412002008AC000010B4EFF3ED
:104040001182202383F31288BFF36F8F1748016812
:1040500041F002040460C80707D482F31188BFF35B
:104060006F8F012010BC01F059B94FF08041D1F899
:104070000C04D1F80C14C907EFD5EFF3118083F3CA
:104080001288BFF36F8F0A490B6C03F0C00343F033
:1040900002030B6480F31188BFF36F8F82F31188E2
:1040A000BFF36F8F002010BCFFF7A2BFB412002037
:1040B0006412002010B1012804D07047034B1B6C20
:1040C0005B0701D1FFF794BF704700BF6412002067
:1040D0002DE9F0413849BFF35B8F0746012251E8D3
:1040E000003F41E800200028F9D1BFF35B8F33B9CE
:1040F000324933484B60CB608A6005F0D3FC7B1EAD
:10410000012B2BD8012F07D14FF08043D3F81C345B
:1041100003F00303012B21D006F029FA0546F8B974
:10412000284B1B78E3B14FF080430222C3F80823E9
:104130000646DFF894804FF08044D4F81824D4F871
:104140001834D20315D503F00303012B01D0012F3E
:104150000FD155B386F31188BFF36F8FBDE8F0819F
:10416000EFF31186202383F31288BFF36F8F0125AD
:10417000DFE7ADB1304605F0A7FED4F81835002BC7
:10418000DBD1D4F80421002AD7D0C4F80431D4F804
:1041900004310123C4F81835C8F88031A360CCE796
:1041A0000021212006F07FFAE7E74FF0804302224A
:1041B000C3F80423D2E700BF601200205012002091
:1041C00080120020E915002000E100E008B5074852
:1041D00006F01AF938B10648FFF7D2FA0448FDF79D
:1041E00049FD002008BD6FF01200FBE768AC00003D
:1041F000F54100000A2838B5074D044604D1AB68E4
:104200000D215B6828469847AB6803485B68E1B2BC
:104210009847204638BD00BF68AC0000F0B5164690
:104220004268107B01F01F0444EA4014106987B013
:10423000002872D0B6F5001F02F1100506D1214604
:10424000284606F05AF8002007B0F0BD01A8002764
:10425000B6F5800F0197476039D1B3F1007F14BFE5
:10426000052304238DF804300023CDE904030393D0
:10427000936823FA01F111F001010DF103073ED11A
:10428000B6F1A07F3BD104F01F03620903F5E07390
:1042900028D0012A47D1254A52F82330DB072ED4F3
:1042A0003A462146284601F023FB214B98421CD078
:1042B000029703AA2146284601F0DAF91D4B9842DD
:1042C0002ED101222146284601F06AFBBBE7B3F15B
:1042D000C06F05D0B3F1007F14BF01230223C1E7F3
:1042E0000323BFE74FF0A042D6E73946284601F046
:1042F0004FFB104B9842DBD06FF00B00A4E73A461F
:104300002146284601F0F4FA0A4B9842D1D19DF893
:104310000310284601F034FBCBE76FF0850093E7EC
:104320006FF0150090E751F82330FFDE00030050D6
:104330000400AD0B0000AD0B420970B5034602D07E
:10434000012A17D070BD0D4E326951680029F9D08D
:1043500003F01F0301250C689D400029F2D08A68F4
:104360002A4002D04B68304698472CB1236821463A
:104370001C46F2E7024EE7E72346F8E748AC0000A8
:1043800028AC000038B545682B69B3B11035284614
:1043900001F0ECFA044680B90146284601F0C2FA61
:1043A000084B98420BD108492246284601F09AFA58
:1043B000224605210620FEF79DFF002038BD6FF044
:1043C0000400FBE70000AD0B394300002DE9F0438A
:1043D000466840F20635D006337B87B002EA050511
:1043E00054BFC2F34010032001F01F07B5F5837FCF
:1043F000144647EA43178DF8030044D00FD8062D22
:1044000018D007D8B5B1022D3FD06FF0150007B016
:10441000BDE8F083B5F5807FF7D101250AE040F2D1
:104420000222954233D0B5F5407F32D0B5F5007FFA
:10443000EBD1022522032ED5726801238B40C2F8EE
:104440000835326992BB07F01F037F092BD0012F7B
:1044500079D13F4A02EB830284F48033D2F800170B
:10446000C3F30043C4F3404444EA430421F4E1614C
:1044700044EA800421F0070144EA05230B43C2F813
:1044800000370020C3E70725D4E70425D2E7052538
:10449000D0E70325CEE7630341BF012372688B4059
:1044A000C2F80C35CDE74FF0A042D3E710360DF13E
:1044B00002023946304601F01BFA14F4403F8046B0
:1044C0000CD13946304605F016FF224B9845D8D11D
:1044D0009DF80210304601F053FAD2E701AB4FF0DD
:1044E000000903AA39463046CDE90439CDE90199DE
:1044F000CDF80C9001F0BCF8164B984285D114F41D
:10450000003315D09DF803308DF80E3084F48034DC
:10451000C4F300444B4603AA394630468DF80C508C
:104520008DF80D4001F060F90A4B9842CDD06CE750
:10453000CDE9043303AA0DF1030339463046039352
:1045400001F096F8F0E703F5E07352F82330FFDE50
:10455000000300500000AD0B036803F01F025B096D
:10456000026004D0012B034818BF002070474FF0B1
:10457000A0407047000300502DE9F04FDFF8949100
:10458000DFF894A185B01546834600EB810140F227
:10459000FF18594503D1002005B0BDE8F08FDBF8C6
:1045A00000305E04C3F3C322C3F3080400F1AC80FF
:1045B0001B0E19F80270444508BF4FF0FF34222B40
:1045C00000F2A580DFE803F012191F22252B22A399
:1045D000A3A3A33B68A3A3A3A3A3A3A3A3A36B81A8
:1045E0008487A3A3A38A9194979A9D00C5F80C454C
:1045F000601C5ED10BF1040BCBE7C5F81445621CBF
:10460000F8D000265FE0C5F80845F1E7C5F8104589
:10461000F5E7631CC5F80845ECD0002604E0661CED
:10462000C5F80C45E6D0012603A80394FFF794FFD4
:10463000039B012202FA03F3C0F80C3508E0C5F829
:104640000845002FDBD1631CD4D000263246062754
:10465000DBF80030019303F40040002818BF00226B
:1046600003A8009218BF01260394FFF775FF039C6F
:10467000019B009A00EB8400C3F3412CD0F8004763
:104680003B0243EA8C03134304EA0A04234343EA4C
:104690004603C0F80037ADE7C5F80C45D1E7C5F8CB
:1046A0006045601CDBF80030A4D0C3F30043002B4E
:1046B000B9D003A80394FFF74FFF039B012606FA26
:1046C00003F3C0F808353246C2E7C5F86445E8E7A9
:1046D000C5F86845E5E7C5F86C45E2E7C5F8244547
:1046E000621C87D000220126B2E7C5F828457FE783
:1046F000C5F83045F4E7C5F83445F1E7C5F8384565
:10470000EEE7C5F83C4573E76FF0150044E76FF03E
:10471000850041E7A5C10000F0F8FCFF036803F045
:104720001F025B09026004D0012B034818BF002060
:1047300070474FF0A040704700030050F0B50446AA
:1047400083B0002200AF01211C20FEF7D3FD60687A
:1047500023692E4A00F1080101F0F2FA2C4B98422D
:1047600018D023686C4688B06A462A49C2E9051306
:104770004FF400739383284B42F8103F27480023DF
:104780004FF4E251FDF748FE6FF00F00A5460C37DD
:10479000BD46F0BD6568AE6B3A1D0021304605F0A0
:1047A0008EFC002805DB7B68326819791868FFF7F2
:1047B000E3FE002631462B6801F5AC7253F8223037
:1047C000002B0EDB7B60381DFFF7A8FF7A68D0F85E
:1047D0000435D34013F001031CBF01238B40334346
:1047E000DEB201310429E6D1002301206268916A1A
:1047F00000FA03F232420CBF01220022D20321F858
:1048000013200133042BF1D10020C0E7E5A0000004
:104810000000AD0B5DBF00000300000128B00000E8
:104820002DE9F341BDF820C0466804690329074615
:104830000D460CF0010C06D9514A0B465148012196
:1048400005F052FA1AE0B17F012908BF5B084FF06A
:10485000010108BF520801FA05F0002B66D09A4208
:1048600067D9D4F800E072451DD094F804E03EEA20
:10487000000E08D0444A434805F02DFA6FF01500A9
:1048800002B0BDE8F0811146B1F5004F44D222607C
:1048900084F805E0326896F81E80C2F80CE5C2F88C
:1048A0000485C2F80815627923FA02F292B24FF039
:1048B000010E79688CF00108896A42EAC83221F851
:1048C00015205FFA80F8BEF1000F41D1326805F57E
:1048D000AC7552F82520002A0FDBBCF1000F4BD03D
:1048E000B3FA83F35B094BBB01A80192FFF716FFF4
:1048F000019A01239340C0F80C35217921EA08017F
:10490000217151B3A3797BBB1023012206F1280149
:10491000304601F03BFA25E00EF1010EBEF1080F22
:104920004FEA5101B0D11346184A87E79E461A460E
:10493000BFE74FF0000E47F6FF72BAE701A80192F9
:10494000FFF7ECFE019A01239340C0F80835D4E745
:10495000237948EA03032371D4E7786801F054FA15
:104960000123A37100208BE70023A371304605F0DB
:1049700025FD0028FAD0C7E7003B18BF0123B2E7A6
:10498000ADC1000028B00000C2C10000D7C10000C6
:104990002DE9F041044647680D4605F0E8FD4FF06B
:1049A000200888B9264B1B7873B16426606805F02F
:1049B000BAFBF0B9012005F012FC013EF6D100214E
:1049C000212005F070FEF0E7EFF31186314688F301
:1049D0001288BFF36F8F606805F0A5FBA8B986F356
:1049E0001188BFF36F8FEFE786F31188BFF36F8FE6
:1049F000E5E7EFF31186314688F31288BFF36F8F36
:104A0000606805F090FB0028EED0BB691D706368FC
:104A1000BA691B680020C3F844250122C3F8482561
:104A2000C3F82001D3F82041C3F85801D3F8580146
:104A30009A6081F31188BFF36F8FBDE8F08100BFEA
:104A4000E9150020F8B50022054601210220FEF7F5
:104A500051FC0220FEF732FC6C680121E06805F091
:104A600093FB6B681A682369C2F82435617D237D46
:104A70000B43A17D0B43C2F86C356E68D6E9004349
:104A800013F001034AD02F6907F1080005F0B3FBCA
:104A90002F4B984207D02F482F4A012105F01BF9D0
:104AA0006FF00400F8BD387A04F10C0204F590713F
:104AB00005F097FB387A012707FA00F000F0A4FB15
:104AC0000823C4F80035B369C4F844350023C4F89A
:104AD0004835A760D4F85831002BFBD00026C4F825
:104AE00000656B683146D86805F04EFB6D6831464D
:104AF0002C68E86805F048FB0823C4F800352A7ADA
:104B000052B9EB69C4F834350123C4F83835C4F818
:104B10001021D4F8102123600020C3E70822C4F834
:104B20000025B269C4F84425C4F848350123A360C0
:104B3000D4F82031002BFBD00023C4F82031D4F866
:104B400020310123E3604FF48073C4F80433C1E7DC
:104B50000000AD0B38B0000017C2000070B5012393
:104B600083400E4ABFF35B8FDC4352E8001F01EA2B
:104B7000040542E80056002EF7D1BFF35B8F4FF4D7
:104B8000803282400648C0F80823BFF35F8FBFF32E
:104B90006F8F0B4214BF0120002070BDE81200206F
:104BA0000010014070B40E49D1E90034D01AC31886
:104BB00044F1000422F07F46C1E90034A6F5001359
:104BC000B3F5400F09D2074B1B681A0A1B069C1944
:104BD000054B42F10005C3E9004570BC02F02CBE54
:104BE000C80A0020EC120020D00A002011B3BFF345
:104BF0005B8F0123104A834052E800CF4CEA030C3C
:104C000042E800C10029F7D1BFF35B8F0B4A4FF494
:104C100080338340C2F80433094BBFF35B8F1B68BA
:104C2000BFF35B8FC340DB0742BF064B4FF400323C
:104C3000C3F80021704700BFE812002000100140B7
:104C4000E412002000E100E00D4B1868010A0006A4
:104C5000BFF35F8F0B4BD3F80435181841F10001F7
:104C6000B3F5801F0AD2084BD3E90023904271EBC1
:104C7000030303D210F1807041F10001704700BFBF
:104C8000EC12002000100140D00A00202DE9F04F66
:104C900085B016461F469DF840A00446FFF75EFF0C
:104CA0000190FFF7D1FFB04271EB070354D23E4BA6
:104CB000301A67EB0101984271F100014FD23B4B72
:104CC00003EB0413D3E902239F4208BF96425ED050
:104CD00037494FF4803804F1500508FA04F8AD0064
:104CE000C1F848832046ADB205F05DFA26F07F4B4F
:104CF00005F1804504F5A87305F58835DC464FF0CD
:104D000003090293029A2CF07F4341F82230C1F844
:104D10004483D1F80435274A6FF00200C01A60447A
:104D200020F07F40904232D9286868B1D1F804352C
:104D30000393A3EB0B0020F07F40B0F5000F26D9C2
:104D4000204605F030FA039BBAF1000F07D109EBBA
:104D5000030C09F10109D5E7BAF1000F09D06FF092
:104D6000150520460199FFF741FF284605B0BDE82B
:104D7000F08F0123104ABFF35B8FA34052E8000F6E
:104D8000184342E800010029F8D1BFF35B8F0749BF
:104D90000E98230101EB0412C8500F9B5360C2E927
:104DA00002670025DDE700BF01008000B80A00208F
:104DB00000100140FDFF7F00E41200207FB51C4C75
:104DC0001C4BC4F80833C4F848331B4B00254FF084
:104DD000FF304FF0FF31C4F80855C3E902014FF42A
:104DE0008033C4F80433154B02264FF400320121FE
:104DF000C4F804631120C3F880212A46FEF77AFA2A
:104E00001120FEF75BFA0E4A0123A36023601360B2
:104E10000C4B0D4A0093CDE9015500232846FFF7BE
:104E200035FF3046FFF754F9284604B070BD00BF87
:104E30000010014003000F00B80A002000E100E06C
:104E4000E8120020A54B0000FFFF7F002DE9F7438B
:104E50002F4CD4F8043399070BD5D4F8043143B15F
:104E60002C4A0023C4F80431D4F804311368013308
:104E70001360D4F80433DA0329D5BFF35B8F264BD4
:104E800053E8002F22F0010143E800100028F7D179
:104E9000BFF35B8FD30702D4D4F84031BBB10025F8
:104EA000C4F84051D4F84031FFF7CEFEEFF3118241
:104EB000202383F31288BFF36F8F184BD3E9026767
:104EC000B042B94106D282F31188BFF36F8F03B0AD
:104ED000BDE8F0834FF0FF384FF0FF39C3E9028996
:104EE000D3E900101D604FF48033C4F84833C4F890
:104EF0004051D4F8403182F31188BFF36F8F0029FD
:104F0000E5D0009032463B4628468847DFE700BFA1
:104F100000100140EC120020E4120020B80A00202A
:104F200030B5431C124C85B005D08442A8BF04465E
:104F3000012CB8BF0124FFF787FE0E4B0C4DD3E9BF
:104F40000013401AB0F5000F10D22218AA4228BF51
:104F50002A4652184FF0000007490091CDE90100A0
:104F600043F10003FFF792FE05B030BD2A46F0E79B
:104F7000FFFF7F00C80A0020A54B000008B5FFF71F
:104F800063FE024B1B68C01A08BD00BFC80A0020A0
:104F90004FF08053D3F83021082A06D1D3F83431AA
:104FA000052B02D8024AD05C70470020704700BF32
:104FB0005AC20000024AD2F80034002BFBD07047DE
:104FC00000E0014010B54FF08053D3F83021082A9B
:104FD0004ED14FF080420021C2F80C11C2F81011DE
:104FE000C2F8381502F54042D3F80414C2F820156F
:104FF000D3F80814C2F82415D3F80C14C2F82815F5
:10500000D3F81014C2F82C15D3F81414C2F83015C4
:10501000D3F81814C2F83415D3F81C14C2F840158C
:10502000D3F82014C2F84415D3F82414C2F8481554
:10503000D3F82814C2F84C15D3F82C14C2F8501524
:10504000D3F83014C2F85415D3F83414C2F86015EC
:10505000D3F83814C2F86415D3F83C14C2F86815B4
:10506000D3F84014C2F86C15D3F84434C2F8703544
:10507000FFF78EFF18B13A4B3A4AC3F88C26FFF778
:1050800087FF18B1384BFB22C3F81825FFF780FFC4
:1050900070B14FF080414FF08053D1F8E42ED3F837
:1050A000583222F00F0203F00F031343C1F8E43E1D
:1050B000FFF76EFF20B12D4B4FF40072C3F840266E
:1050C0004FF08053D3F83031082B1AD14FF0804382
:1050D000D3F80024D20744BF6FF00102C3F80024C4
:1050E0004FF08053D3F83431052B02D8204AD35CDB
:1050F0003BB14FF01023D3F808224FF08043C3F8A0
:1051000058254FF01023D3F80022002A03DBD3F8F0
:105110000432002B22DA174901234FF01020C1F886
:1051200004351224FFF746FFC0F80042FFF742FFA4
:10513000C0F80442FFF73EFF0023C1F80435FFF733
:1051400039FFBFF34F8F0C490C4BCA6802F4E06281
:105150001343CB60BFF34F8F00BFFDE710BD00BF0F
:10516000005000404881030000F0004000900240E1
:1051700054C2000000E0014000ED00E00400FA0528
:1051800030B50468CCB1BFF35B8FB4FA84F3C3F1DC
:105190001F03DBB201229A4024EA020250E8005FBA
:1051A000A54204D140E8002CBCF1000FF6D1BFF3BA
:1051B0005B8FE6D102480B7030BD0248FCE700BFB0
:1051C0000000AD0B0200AD0B10B50368CB40DB0750
:1051D00014D401238B400268BFF35B8F43EA0201C2
:1051E00050E8004F944204D140E8001CBCF1000F8D
:1051F000F6D1BFF35B8FEED1014810BD0148FCE74B
:105200000000AD0B0400AD0B014BC3F80405704763
:1052100000F00140F7B50546F8B101281BD1042282
:105220004FF4807301464FF0804003440244C0F8BD
:1052300008130026012111601E608D421B688DF845
:10524000071008BF0DF1070642F210744FF08047B7
:1052500045B1012D29D003B0F0BD0C224FF482736B
:105260000221E0E7D7F8183403F4803366B9002B45
:10527000F1D0012004F0B3FF013CF3D1EBE704F0DF
:10528000AEFF013CE4D1E6E7D7F8182402F00302B0
:105290003260002BDFD09DF807000128EFD0012DF0
:1052A000D9D10C4B00225A71D5E7D7F80C3403F44E
:1052B00080333EB9002BF4D0012004F090FF013C74
:1052C000F3D1C8E7D7F80C2402F001023270002BAA
:1052D000E1D1E6E7F0120020044B1A7922B901224D
:1052E00018609A800248704702487047F012002008
:1052F0000000AD0B0C00AD0B08B5074B1B682BB1C4
:105300000020FDF7E9FF08B9FDF7D8FF4FF0804313
:105310000022C3F8182508BDF012002010B510B106
:10532000012843D010BD4FF08043D3F81814D3F8B0
:105330001824C80321D502F00303012B04D013B1B4
:105340000020FFF767FF00234FF080420220C2F8E1
:10535000183508224FF4827303F18043002119604D
:1053600002F180421C6801241460154A12680AB3D5
:105370004FF08043C3F80403D4E7D3F81424D107D3
:10538000E1D5D3F81C249207DAD40D4A12681AB179
:105390000222C3F80423C5E7D3F80421002AFBD076
:1053A0000022C3F80421D3F80431BBE700224FF4F4
:1053B0008073D1E71A68002AFCD019601B68B1E736
:1053C000F0120020F8B54FF080431C4ED3F8044390
:1053D0000125002704B9F8BDB4FA84F0C0F11F001C
:1053E000830003F580739BB203F1804305FA00F25A
:1053F000196892B224EA02040029EBD01F601B68EE
:105400004FF08043012AC3F8082305D0022A08D0B0
:105410003368C0B29847DDE77379002BDAD1727137
:10542000F6E7D3F81814D3F818148907F0D1C3F8A5
:105430001855C3F804239D60CCE700BFF01200208C
:10544000036803F01F025B09026004D0012B0348CC
:1054500018BF002070474FF0A04070470003005075
:10546000034A430900F01F00D35C1844C0B27047E0
:1054700060C2000070B50546FFF7F2FF0C4C083023
:105480000E4634F81030DA0508D5C3F3432304EB95
:10549000C302284654F8333052689847A3682BB1AA
:1054A000E26831462846BDE87040184770BD00BF2D
:1054B000F812002008B5FFF7D3FF034B083033F88C
:1054C0001000400B08BD00BFF812002008B5FFF720
:1054D000C7FF034B083033F81000C0F3400008BD8D
:1054E000F812002008B5FFF7BBFF034B083033F874
:1054F0001000C0F3401008BDF8120020034611F060
:10550000010010B5CCB20DD1A207C4F3400012D5F2
:10551000094AD2F820055860C2F82005003818BFA3
:10552000012008E04FF0A041D1F820251A60C1F811
:105530002025002AE8D010BD0003005010B5FFF769
:105540008FFF124A083032F81030D9051CD5C3F34A
:10555000432123F4F85322F8103002F10E04002006
:1055600034F8023F13F4807F03D0C3F343239942FE
:105570000AD001303028F3D1002342F831300448FA
:10558000BDE81040FFF720BE10BD00BFF81200209C
:105590007013002001F18051F0B501F5C2510446AD
:1055A000114A00208900012506468A420BD10F4B83
:1055B000D3F87C2132B10022C3F87C21D3F87C31AE
:1055C00040F00040F0BD02F14043A3F5C2439B0808
:1055D00005FA03F31C4204D0176817B11660176868
:1055E00018430432E1E700BF006100400060004062
:1055F000F7B506460846FFF733FF194F00F10805D7
:105600000C4637F81530DB0727D5304604F04FFE3F
:105610002046FFF767FF40B12046FFF74BFF316898
:1056200000F5A270002341F820302046FFF786FFE6
:10563000002301A827F815300194FFF701FF019B13
:1056400000EB8300074BD0F80027134043F0020320
:10565000C0F80037044803B0F0BD0448FBE700BFC2
:10566000F8120020F0F8FCFF0000AD0B0400AD0BB9
:105670002DE9FF41164680460846FFF7F1FE0C462D
:105680003168054609B32046FFF720FF18B12046D0
:10569000FFF728FF10BB0023CDE900338DF80E3053
:1056A0008DF80F300DF10F020B4620460DF10E0163
:1056B00004F0A5FD484A05F1080132F8113023F045
:1056C000020343F0010322F8113073685BB32046F4
:1056D0001F785968FFF7FAFE10B1C9B13F4825E0BD
:1056E0003D4A05F1080C32F81C3023F02003DB049E
:1056F000DB0C22F81C3059B1032FEFD87168D8F8B1
:10570000000049680978A7B901F5A27140F8217035
:10571000314A05F1080132F8113023F01C0343EA45
:10572000870322F81130B3686BBB2D4804B0BDE885
:10573000F08100EB810043EA4133D0F810E52EF010
:10574000030EC0F810E5D8F8000000EB810E43F01E
:105750002003DEF8100522F81C3020F44F3020F42E
:105760004070CEF810052002DEF8108500F47C5061
:1057700040EA074040EA0800CEF8100502EB41007D
:10578000A0F87C40C4E7D3E900672046FFF7D6FEC7
:10579000002ECAD0104CD4E90023964203D19F4278
:1057A00001D1002209E00F480DF10F01FFF7E8FCDD
:1057B0000B4B9842BAD19DF80F2044F8326004EBAD
:1057C000C20308355F6034F8153043EA422343F4DE
:1057D000807324F81530A8E7F81200200400AD0B00
:1057E0000000AD0B701300202DE9F0430C4685B08E
:1057F0008046204611461E46FFF732FE054629B375
:105800002046FFF763FE18B92046FFF76BFE18BB72
:10581000314F05F1080937F8193013F01C0F02D089
:105820004B78012B18D001238DF80F300023CDE9E0
:1058300000134A1C8B1C20460DF10F0104F0DFFC05
:1058400037F8193043F0030327F81930002E41D000
:105850002046FFF73BFE18B9204805B0BDE8F083AD
:1058600096F800C0D8F800301B4F0CF5A27200214A
:1058700043F8221005F1080237F8121021F0200138
:10588000C904C90C27F8121075781DB3D8F80000A8
:10589000B67800EB8C002D04D0F8103523F4991362
:1058A00023F4F853C0F81035230203F47C5305F4B5
:1058B00040353605D0F810E52B4306F4801641EA52
:1058C0004C31334341F0200143EA0E0327F8121014
:1058D000C0F810350248C0E7F81200200400AD0BF4
:1058E0000000AD0B014BC3E902127047F812002013
:1058F00010B508461446FFF7F5FD50B10846FFF70E
:10590000AFFD054B083033F8103004485B0B2370B3
:1059100010BD0348FCE700BFF81200200000AD0BEB
:105920000400AD0B70B50E4C94F88C500646A5B92A
:105930006022294604F1100004F057FF3068C0F8D7
:105940007C51D0F87C3140F30730FDF7B7FC0123E0
:10595000044884F88C30A36770BD0348FCE700BF9F
:10596000F81200200000AD0B0C00AD0B034B93F8B8
:105970008C00003818BF0120704700BFF8120020CB
:105980000079024B03EB8000FFF71EBCF8000020FB
:105990000079024B03EB8000FFF7F2BBF800002018
:1059A000F7B5054608461646FFF79CFD0C462968E4
:1059B000F0B12046FFF78AFD0746C8B92046FFF739
:1059C00079FD04B2A40004F580728F508A582968CA
:1059D0002144D1F8102542F00102C1F810252EB162
:1059E0002968012202FA00F3C1F8043303B0F0BDC4
:1059F000D1F80433002BA4BF4FF00043C1F80433A7
:105A00002046FFF72DFD0F4B083033F81030C3F35D
:105A10008203042B12D0052B12D001A80194FFF7AA
:105A20000FFD019AD0F81035D34003F00103991C03
:105A3000204603B0BDE8F04004F02ABC0321F7E79C
:105A40000221F5E7F81200202DE9F04F654BD3F85D
:105A50000403C0B287B0082140F00040FFF79AFD70
:105A6000051E2BDA0023032104A8CDE90433FFF738
:105A700045FDDFF874A10DF110084FF000094FF05B
:105A8000010B1AF8013B5949DA0803F007038A5C55
:105A900022FA03F3DA071CD408F10408B9F1000F65
:105AA00014D000214FF00040FFF774FD032104A83B
:105AB000FFF724FD0028DCD125F00045494E4C4F6E
:105AC0000124002D78D107B0BDE8F08F4FF0010917
:105AD000D7E7484B4B440093D8F800100029DBD09F
:105AE000009B91FAA1F11C78B1FA81F141EA4414CA
:105AF0002046FFF7B5FC3E4B0394083033F8107096
:105B0000C80801F0070118F800200BFA01F122EA99
:105B10000102BB0808F8002003A80193FFF790FCDE
:105B2000039A019B02F5E072C7F3820650F8222027
:105B30005B073746C2F3014223D520463946D6B229
:105B4000FFF798FC03A80394FFF77AFC039B03F587
:105B5000E07350F82330C3F301439E4207D1002184
:105B6000204604F095FB3146204604F091FB03A843
:105B70000394FFF765FC039B0BFA03F3C0F8203591
:105B8000AAE7022A0CD10321204604F081FB06F08B
:105B90000503012BEBD139462046FFF76BFCE6E706
:105BA00002212046019204F073FB032EF3D0019AE8
:105BB000032ADCD1022EEDE795FAA5F3B3FA83F3BD
:105BC00004FA03F225EA020503F5A27207EB430388
:105BD00056F82210B3F87C00C1F30141FFF74AFCEC
:105BE0006FE700BF0060004070C2000000B5000019
:105BF000F812002070C2000001460148FFF7C0BA49
:105C0000FC000020036803F01F025B09026004D05F
:105C1000012B034818BF002070474FF0A040704789
:105C20000003005070B505790A4C14236B43E61845
:105C3000E35833B90068022104F096FB08B1012350
:105C40003372142303FB0544207A023818BF012065
:105C500070BD00BF881300202DE9F3470B7F044679
:105C60006BBBDFF8D8900D1F01F1100601F10C0895
:105C7000012755F804AFBAF1FF3F1CD03378CDF8B7
:105C800004A001A8002B50D0FFF7BCFF019B07FA2E
:105C900003F3C0F8083501A8CDF804A0FFF7B2FF60
:105CA000019B00EB8300D0F8003703EA090343F0BF
:105CB0000303C0F80037A84506F10106D9D191F8D1
:105CC0001DC00D8B4F7D8E7D8A7EC87E2368BCF102
:105CD000000F0BD1D1E9008ED1E902C1C3F8608574
:105CE000C3F864E5C3F868C5C3F86C1542EA00223E
:105CF000C3F80C75C3F80465C3F80855C3F810253C
:105D000020680023C0F81031D0F81021C0F8083105
:105D1000D0F80821C0F80C31D0F80C3140F307302E
:105D200002B0BDE8F047FDF7C9BAFFF76BFF019B72
:105D300007FA03F3C0F80C35ADE700BFF0F8FCFF3D
:105D40002DE9F04190F804800D4C142606FB08F66E
:105D5000A71997F808C0BCF1000F0ED1A2517B60C3
:105D600019B10B7F3B74FFF777FF142303FB084443
:105D7000044801232372BDE8F0810348FBE700BF1C
:105D8000881300200000AD0B0C00AD0B70B40C4666
:105D90000179266815461A461A4B01EB810103EB7F
:105DA00081010368C3F82065A688C3F82465A66846
:105DB000C3F82865E668C3F82C6503682668C3F84D
:105DC0004065A688C3F84465A668C3F84865E468DA
:105DD000C3F84C45046805F0010303EB5505C4F80E
:105DE0001455D4070CD412F0020403D0002B14BFB6
:105DF000082404240568C5F8004270BC04F07FBA8A
:105E00001024F7E78813002038B5036805790022CD
:105E1000C3F800220368012204465A6071B120468B
:105E2000FFF700FF0028FAD023680022C3F80025FE
:105E3000054B142202FB053301221A722046BDE8ED
:105E40003840FFF7EFBE00BF8813002010B5B22125
:105E50001A4804F089FAC106044608D5184BDA68D6
:105E6000520704D51A6812B1596801209047A0065C
:105E700008D5134BDA68110704D51A6812B15968AE
:105E800002209047220608D50D4BD86810F010006C
:105E900003D11A680AB159689047A3070DD5074B7B
:105EA0000022C3F80025064B01221A721A6822B19B
:105EB000BDE8104059680320104710BD00C00140E4
:105EC0008813002030B50A4B082493F83050012283
:105ED0000023104203D0154208D00133DBB2013C4D
:105EE0004FEA4202F5D103480B7030BD0248FCE78F
:105EF0009C1300200000AD0B0400AD0B054B93F884
:105F00002E00431E012B03D9043818BF012070470F
:105F1000002070479C13002010B5164A1649002037
:105F2000C2F8000591F82F40D2F8043381F82E40D2
:105F30000C6823F033030CB143F02303C2F81C01B7
:105F4000D2F81C41C2F81801D2F81841C2F8080171
:105F5000D2F8082191F83320D00791F8342048BFB7
:105F600043F08003D207034A48BF43F04003C2F81E
:105F7000003310BD007000409C13002070B50D4A26
:105F8000002392F8301001251E4618B90BB182F893
:105F9000301070BD90FAA0F3B3FA83F305FA03F45E
:105FA0000C3302EB430320EA0400DE8021EA040103
:105FB0000123EAE79C13002073B50023044601AADD
:105FC0000E464FF48071019304F0FAF94FF48A7190
:105FD000204604F0F5F94FF482710546204604F09E
:105FE000EFF920B11EB115B1144BD3F8343601AA24
:105FF0004FF48471204604F0E3F94FF48671204693
:1060000004F0DEF94FF48871204604F0D9F90C4B06
:10601000234083B14FF48E75294601AA204604F02F
:10602000CFF9291F083589B22046ADB204F0C8F96E
:10603000B5F5AE7FF0D1019802B070BD00700040A0
:10604000C0FF3F002DE9F04F93B09A460DF1080CC8
:106050000AAF1C9D3F4B3E46E046002403EB041E66
:106060000134DEF8189548F8049B082CDEF81CE58E
:1060700046F804EBF2D1D3F8F065D3F8404601942A
:106080004FF0010E0024D3F84496D3F84886C3F8A5
:10609000FC4FC3F8FCEF2F4B5CF804BB03EB041E72
:1060A0000134CEF818B557F804BBCEF81CB5082C4F
:1060B000F2D1019CC3F84046F6B2274CC3F844968F
:1060C000C3F84886C3F8F065002684F8336084F886
:1060D0003460A6602661256084F83100A683C3F889
:1060E000F015C3F8F4252DB32322C3F800231A4D6D
:1060F000184E0021012707FA01F303404FEA01126D
:106100001BD102F1804404F5E044C4F81035C4F812
:10611000143532440131D2F8184524F0807444EA31
:1061200003630829C2F8183505F10205E3D113B05D
:10613000BDE8F08FC3F80053D9E702F1804303F5BF
:10614000E043EC7F95F81EC0C3F810C5C3F81445B2
:106150005346DEE7007000409C13002010B5C37862
:106160008278417A1B03120202F4E06203F4805346
:106170001343027802F0030213430279120402F47B
:10618000E02213434278120102F030021343827975
:10619000120602F0807213434279120502F4801253
:1061A00013430A0102F1804202F5E042C2F81835B9
:1061B000084AC47901F10C0302EB43039C71007A95
:1061C000D871012303FA01F192F830300B4382F8C1
:1061D000303010BD9C13002070B51F4D95F82E4037
:1061E000002C37D10126FF2085F82E60FFF7C6FE70
:1061F0001A4B1B49C3F80041D3F80021C3F80441EE
:10620000D3F80421C3F81041D3F81021C3F8144186
:10621000D3F814311C239A0806FA02F212F0330F55
:106220001FBF03F1804202F5E242146012681A1F98
:10623000920806FA02F212F0330F1CBF5C505A5853
:1062400008335C2BE7D10720FDF738F80023054819
:106250002B6070BD0448FCE79C13002000700040D8
:10626000FC7000400000AD0B0C00AD0B08B5024601
:10627000FFF744FE20B91046FFF770FF014808BD44
:106280000148FCE70000AD0B0B00AD0B014B93F890
:10629000300070479C1300202DE9FF4105460F4652
:1062A00016469846FFF72AFEF0B90DF10F01284671
:1062B000FFF708FE0D4B9842044611D1331E18BF5C
:1062C00001233246CDF8008039462846FFF7BAFE52
:1062D000074B9DF80F2083F83220022283F82E20EE
:1062E000204604B0BDE8F081024CF9E70000AD0B98
:1062F0009C1300200B00AD0B2DE9FF470746994684
:10630000FFF7FCFD8A461446064600283FD10DF1F2
:106310000F013846FFF7D6FD1F4B9842054627D19F
:1063200063889DF80F803BB3B8F1010F31D8B9F104
:10633000000F2ED02278637812B1B3FA83F6760973
:10634000CDF8009051463846FFF77CFE6388134A2B
:106350000BB143F48053C2F8F835114B83F8328007
:10636000227983F83520042283F8366083F82E20C2
:10637000284604B0BDE8F08722786378002ADFD091
:10638000002BDDD1B8F1010F03D80126D8E7054D68
:10639000EEE7054DECE700BF0000AD0B00700040DC
:1063A0009C1300200B00AD0B0300AD0B10B51B4B75
:1063B0001A696ABB00F06042B2F1005F2AD193F81B
:1063C0003220B1FBF2F402FB14142CBB0CB2002CF3
:1063D00022DD93F82E40052C05D8032C0AD8022C78
:1063E0000DD00F4810BD062CFBD10E4AC2F82C066A
:1063F000C2F830169A6842B1C3E9040103E08A4248
:106400000AD1C3E902020848ECE7C3E90201FAE74E
:106410000648E7E70648E5E70648E3E79C1300205F
:106420000500AD0B007000400000AD0B0C00AD0B83
:106430000A00AD0B0600AD0B2DE9F3414F4CA368EC
:10644000002B00F0998094F82E20022A05D0042A0F
:1064500030D04B4802B0BDE8F0814A4D0126C5F866
:1064600000652168E26849B1032184F82E10C5F85F
:106470002C36C5F830262E604348EBE7C5F82C369D
:10648000C5F830262E6003F0B2FF08346E60214656
:106490000220FFF791FD0028F9D03A4B0022C3F803
:1064A0000821D3F80811C3F80C21D3F80C11C3F854
:1064B0000025E1E7334D4FF00108C5F80085276856
:1064C00057B1052284F82E20E268C5F82C36C5F8AD
:1064D0003026C5F80080CFE7A18B94F832200192D6
:1064E00003EB41030093C5F82C36C5F83026C5F8F8
:1064F000008003F07CFF94F836305BBB214D012314
:106500006B6069460220FFF757FD0028F9D0002292
:10651000C5F80821D5F80831C5F80C21D5F80C319B
:10652000A18B94F832300B44E1689BB28B42A38379
:1065300021BF164BA283D3E90201C3E90001114B2D
:1065400028BF22614FF000022CBF0F481048C3F84B
:1065500000257FE7D5F8F465F6B208FA06F6013EA5
:10656000BE42CBD9C5F8048000210420FFF724FDEA
:106570000028F9D00137F3E706486BE79C130020A9
:106580000500AD0B007000400000AD0BA41300200F
:106590000B00AD0B0200AD0BF8B50246FFF7AEFCE9
:1065A000002851D1294E2A4C96F82E3086F82F30EB
:1065B000072386F82E3001237260C4F80035D4F822
:1065C0000453C4F80003E3603AB125F0C00545F078
:1065D0003305C4F800531F48F8BD00211020FFF711
:1065E000EBFC0028F9D00023C4F80431D4F80431BE
:1065F000194BC4F82C3601270223C4F83036276023
:1066000003F0F5FEA76000212020FFF7D5FC00284D
:10661000F9D00F4B0022C3F80421D3F80411C3F8BA
:106620000821D3F80811C3F8002596F82F1086F832
:106630002E10C3F81C21D3F81C11C3F81821D3F86D
:106640001821C3F80053C6E70448C5E79C1300208F
:10665000007000400000AD0BB41300200B00AD0B28
:106660007FB56249614E3320FFF7A6FC10F0100F92
:1066700005460BD05E4B1022C3F80823B218C3F8AE
:106680002C260222C3F8302601221A60594CAA0691
:1066900094F82E300ED5072B554A05D0D2F8343653
:1066A0009BB2E36000232361D2F80433DB0601D5FB
:1066B000FFF732FCA80718D594F82E30A168029194
:1066C0000022E1688DF80420062BADF80C1018D0DC
:1066D000072B35D0032B08D1454BC3F800250223E7
:1066E00084F82E30236801A89847E9074FD594F81D
:1066F0002E30033B042B4AD8DFE803F05A492941E6
:106700005E0094F8353023B1236913B1384B012270
:106710001A60236801A89847374B93E8030086E87E
:10672000030000232361A368002BDED1304AC2F8A6
:106730000035042384F82E3005238DF80430D1E78A
:10674000FFF7EAFB02238DF804306368CBE70423EC
:106750008DF8043001A823689847254BD3F8F82515
:10676000D20444BF01225A602269062384F82E30E5
:106770002AB11F4B6169C3F82C26C3F83016236970
:106780002BB903238DF8043001A82368984794F8A7
:106790002E30072B0AD0164B1848D3F804330021AB
:1067A0001840FFF709FC012685094DB904B070BDFA
:1067B0000F4B01225A60EAE70D4B01229A60E6E78F
:1067C00095FAA5F3B3FA83F306FA03F225EA020574
:1067D0005A08DB4303F001038DF809308DF804609B
:1067E00023688DF8082001A89847DEE7A41300204D
:1067F000007000409C130020AC130020C0FF3F003D
:1068000010B50446FBF738FD0348044A012103F0A4
:1068100062FA204603F003FE20B0000072C20000BE
:106820002DE9F843044600AF0D46EFF3118820230D
:1068300083F31288BFF36F8F0428294A98BF294B2E
:106840009668117C94BF53F82030274BE9468AB0F4
:106850006A462648C2E9073140F201339384244B4B
:10686000C2E9050442F8103F224800234FF4315199
:10687000FBF7D2FDCD4645B1EB69C3F3080323B165
:106880001D4A1C48012103F026FA2EB1304603F0C0
:1068900077FE08B1037803B91848E9468AB06A461A
:1068A000174BD061C2E9053640F201331384154B12
:1068B00042F8103F00230F484FF41151FBF7ACFD95
:1068C0002946CD462046FFF79BFF88F31188BFF38A
:1068D0006F8F3046FCF79AFCBD46BDE8F88300BFD9
:1068E000D413002004B5000081C2000097C200004C
:1068F0000500000120B00000BFC200008FC20000F0
:10690000E0C200000400000138B50A4B53F82040F3
:10691000013053F82050A54200D838BD606830B12E
:10692000037FDB0701D403F082FD0834F3E723681B
:106930009847FAE718B5000070B52A4B2A4C2B4D42
:10694000012286B003201A70FFF7DEFFFCF728F85B
:106950000420FFF7D9FF2646AE4204F1300410D3DD
:1069600000F072FC204C224EAC4226D300F080FC9A
:1069700002F0C7FB1F4A137B23F00103137306B019
:1069800070BD54F80C3C059354F8103C049354F833
:10699000143C039354F8183C029354F81C3C0193A4
:1069A00054F8203C009354E90A2354E90C0100F008
:1069B00033FA54F8303C5E65CDE7D4E90A23B3F1ED
:1069C000FF3F08BFB2F1FF3F05D052EA0301206844
:1069D00003D100F009FD3034C6E73146183000F02D
:1069E00099FEF8E7E915002048AE000068AF000006
:1069F00073A60000580B002008B50348034A002185
:106A0000121A03F02BFD08BDF8020020EC1500203F
:106A100070B5002386B00122CDE90423134E144D36
:106A200001930F22CDE902321249142303FB0055D2
:106A300006EBC01604464FF4C07000FB04110E4B69
:106A400000954FF4A072304600F0E6F9737B0B4AD4
:106A5000EE6023F0040373734FF4046304FB033309
:106A600013442C746B6006B070BD00BFD80A0020C0
:106A7000D4130020003F002023A50000C0360020D2
:106A8000BFB50020FFF740FF2A4B83F308882A4C4C
:106A90002A4F636943F4007363610025E02384F89F
:106AA0002230E57725766576A57684F82050636AEE
:106AB00043F4E023636284F82350FCF723FBFCF7E4
:106AC000A3FC4FF0FF33A362E362FCF777FDFCF712
:106AD000BFFCFBF72DFB1A481A4C00F015FA03F027
:106AE00092FC0120FFF710FF0220FFF70DFF00F0DE
:106AF000F3FB154B15495C61154B05930123CDE95B
:106B000003534FF480623B46CDE901550095204682
:106B100000F082F9627B064622F00402204662738E
:106B200003F06AFD2846FFF773FF3A4631462046D8
:106B3000FCF74CFC003F002000ED00E0396900004C
:106B4000D80B0020580B0020D413002080400020D8
:106B500042C3000038B5064C064D0020AC4200D3BD
:106B600038BD204603F07EFC0028F9DB1C34F5E735
:106B7000600200206002002073B50C46EFF3118123
:106B8000202585F31288BFF36F8FC5685DB125603E
:106B90002B68C360836901338361002081F311880E
:106BA000BFF36F8F11E052EA030603D125606FF047
:106BB0000B00F3E7CDE900230246083000F08AFA23
:106BC00018B9034B9B681B69236002B070BD00BFFE
:106BD000D41300202DE9F341044617461E46EFF377
:106BE0001188202383F31288BFF36F8FC368334A61
:106BF0007BB180689168884219D057EA060318D1A2
:106C000088F31188BFF36F8F6FF00F0002B0BDE8FB
:106C1000F081916891F90E1021610133E36093686E
:106C2000A36088F31188BFF36F8F0020EEE721691E
:106C3000F2E791F90E1090F90E309942A8BF19466B
:106C40006FF07E029142B8BF11468B422DDD03F0FA
:106C500073FC0546CDE9007619482246414600F00E
:106C600039FA0028E1D0EFF31186202383F312884C
:106C7000BFF36F8FA068D0B1236821699C420AD00E
:106C80004BB193F90E309942A8BF19466FF07E03BD
:106C90009942B8BF194603F04FFC40B1084831464D
:106CA00000F0ACFA6FF00A00B0E70025D2E7002D43
:106CB000F4D186F31188BFF36F8FF3E7D41300206C
:106CC000EA150020F8B583680546002B3FD0234A1B
:106CD000926893423ED1C368012B03D9013BC36044
:106CE0000020F8BDEFF31187202383F31288BFF350
:106CF0006F8F0169806803F01FFC2C68AC4207D1DC
:106D00000023C5E9023387F31188BFF36F8FE7E7EC
:106D1000002CF5D0D4E9003213605A60637B002662
:106D200023F002036373C4E90066A66004F118004F
:106D300003F0F7FCAC6094F90E302B612046A66797
:106D400003F05AFC0648394600F058FAC8E76FF0DD
:106D50001500C6E74FF0FF30C3E700BFD413002093
:106D6000EA15002070B5EFF31186202383F3128813
:106D7000BFF36F8F0468A0421AD0CCB1D4E90032BF
:106D800013605A60637B002523F002036373C4E938
:106D90000055A56004F1180003F0C3FC2046A56768
:106DA00003F02AFC31460848BDE8704000F026BADE
:106DB000D0E902329A4218BF0133836086F311880A
:106DC000BFF36F8F70BD00BFEA15002013B5EFF35E
:106DD0001181202484F31288BFF36F8F846844B13B
:106DE000013C846081F31188BFF36F8F002002B0F3
:106DF00010BD52EA030406D181F31188BFF36F8FEF
:106E00006FF00F00F3E7CDE900230246014800F0E0
:106E100061F9ECE7EA1500202DE9F043073285B06F
:106E200022F007020E461F461099017300F1580325
:106E30007F32C0E916330446002322F03F020421CA
:106E4000836041733F2A0F98A073C4E90633E3734C
:106E500006F14009A2F1400805D883F31188BFF379
:106E60006F8F084602DFB51829462046FBF7F2FE71
:106E700007300E9B20F00700A066C4E91898029323
:106E80000D9B01932D1A0C9B00932A463B463146DD
:106E90002046FCF769FA00236365044B9B6803B145
:106EA000DB6EE366284605B0BDE8F083D41300200E
:106EB000F0B587B000250595109D04950F9D0395AD
:106EC0000E9D0295DDE912760D9D01950C9D0095B4
:106ED0000446FFF7A1FFB6F1FF3F08BFB7F1FF3F40
:106EE00005D056EA070305D1204600F07DFA20467A
:106EF00007B0F0BD3A46334604F11800014900F0EE
:106F000009FCF4E773A6000040F20113838100231B
:106F1000C0E91833C366014B98607047D413002052
:106F2000094A93686FF00A019967084958674B68E6
:106F300043F080534B60002383F31188BFF36F8FBE
:106F40009368986F704700BFD413002000ED00E0F5
:106F500070B590F90D20437B002A36DBD90634D179
:106F60001B4C63F07F032246437352F8183FE169DC
:106F7000934207D1C0E900210860E06111E0994225
:106F8000F8D01B68002BF5D090F90E5093F90E60E5
:106F9000B542F4D0AE42F2DD5968C0E90031086074
:106FA0005860A569954200D005B9E568A3685A7B89
:106FB000D20604D1DA897F2A01D9AA6932B1AB425B
:106FC00002D0284600F004FB656170BD6361FCE7F8
:106FD000D413002038B590F90D20437B002A0146D8
:106FE00004DA03F07F03437303F0CCFA0D4D2A4615
:106FF000AB6852F8184F944200D004B9EC688B4249
:1070000007D05A7BD20604D1DA897F2A01D9A26936
:107010002AB1A34202D0204600F0DAFA23466B617F
:1070200038BD00BFD4130020B3F1FF3F08BFB2F159
:10703000FF3F03D00249183000F06CBB704700BF1F
:1070400073A6000070B590F90D20437B002A01461D
:1070500004DA03F07F03437303F094FA4B7B1C4C78
:1070600063F07F0322464B7352F8183FE069934266
:1070700007D1C1E900200160E16111E09842F8D038
:107080001B68002BF5D091F90E5093F90E60B542B4
:10709000F4D0AE42F2DD5868C1E9003001605960B9
:1070A000A569A368954200D005B9E5688B4207D071
:1070B0005A7BD20604D1DA897F2A01D9AA692AB17A
:1070C000AB4202D0284600F083FA2B46636170BDC4
:1070D000D4130020F8B50E4B0C4611460D4A9868A3
:1070E0001060DDE90667EFF31182202282F3128837
:1070F000BFF36F8F9D68284603F056FA2846324644
:107100003B46FFF791FF2046BDE8F840FFF708BF78
:10711000D4130020F4130020F8B50446EFF31187D0
:10712000202383F31288BFF36F8F437B03F01F028A
:10713000002A0CBF0126002649B239D103F07F0393
:10714000437303F01FFA2C4D437B817363F07F037D
:107150002A46437352F8183F934227D1E869C4E99D
:1071600000200460EC610FE09842F8D01B68002B0F
:10717000F5D093F90EC06145F6D08C45F4DD596821
:10718000C4E900310C605C60AC69944200D004B981
:10719000EC68AB689C4202D0204600F019FA6C61A2
:1071A00087F31188BFF36F8F3046F8BDE869DEE7DB
:1071B0009B071ED5856803F0E5F981732B689D4216
:1071C00009D16B68C4E900531C606C60E8E76A6829
:1071D0009342F6D01B68002BF3D093F90E20914216
:1071E000F5D08A42F3DD5A68C4E9003214605C606D
:1071F000D6E78173D4E700BFD413002049B9EFF379
:10720000058030B9054B5A699B689A4201D0FFF757
:1072100087BE81F31188BFF36F8F7047D4130020AE
:10722000034648B9EFF3058232B9064A51699268BC
:10723000914201D0FFF774BE83F31188BFF36F8FC3
:10724000704700BFD4130020EFF31181202383F394
:107250001288BFF36F8F054B9A68D37B013BD373C2
:1072600081F31188BFF36F8F704700BFD4130020E4
:1072700070B5EFF31186202383F31288BFF36F8F6D
:10728000144DAB68DA7B0132DA732A4652F8184F94
:10729000944200D004B9EC685A7BD20604D1DA8952
:1072A0007F2A01D9A2692AB1A34202D0204600F068
:1072B0008FF923466B6186F31188BFF36F8FEFF36D
:1072C0001180202383F31288BFF36F8FBDE87040D5
:1072D000FFF7A6BFD4130020024B03F11802C3E945
:1072E00006227047D413002070B5EFF311862023D7
:1072F00083F31288BFF36F8F1B4CA168E0690B68A2
:10730000814214BF1A46002249680B605960A36885
:10731000E1692AB9154AC3E900210B60E3610CE079
:1073200093F90E0092F90E50A84218D0854216DD4E
:107330005168C3E900210B605360A5690B4B9D4266
:1073400000D005B9E568A3689D4202D0284600F048
:107350003FF965613046BDE87040FFF7E1BD8A4204
:10736000D8D01268D5E700BFD4130020EC1300205A
:10737000F8B550EA010306460C4603D1FFF7B4FF07
:107380000020F8BDEFF31187202383F31288BFF3A9
:107390006F8F124D124BA8681860FFF71BFEA8688C
:1073A000104923463246183000F0B4F9AA68537BDE
:1073B00043F00403537304463846FFF7B1FDAB684E
:1073C000D3E90A23B3F1004F08BF002AD8D103F054
:1073D000D0F9201A20EAE070D3E700BFD4130020D0
:1073E000F413002073A6000038B50446EFF31185AE
:1073F000202383F31288BFF36F8F437B5B070FD586
:10740000183003F08EF9637B23F004032046637386
:10741000FFF79EFD29460548BDE83840FFF7EEBE60
:1074200085F31188BFF36F8F38BD00BFEA150020C8
:10743000014B9868704700BFD41300202DE9F84332
:107440000446077BEFF31185202383F31288BFF3F3
:107450006F8F437B190705D585F31188BFF36F8FB5
:10746000BDE8F883D90943F008025AD14273A368F2
:1074700013B1204603F08EF804F1180003F051F91F
:10748000A66D04F15808B04511D04FF0000976B14F
:10749000304603F07FF806F1180003F042F9C6F811
:1074A00078903046FFF754FDA66DB045EFD1DFF878
:1074B000B880D8F808309C423BD1EFF30589B9F188
:1074C000000918BF4FF00109D8F81860274A964202
:1074D00000D00EB9D8F80C60B34202D0304600F0AC
:1074E00077F8C8F81460B9F1000F02D02048FFF710
:1074F0000BFDD8F808309C4231D1EFF3058373BB04
:10750000227BD20718D42846FFF70AFDFB07A7D530
:10751000002383F31188BFF36F8F0423184602DF23
:107520009EE703F07F0343F00803437303F02AF858
:107530009DE74FF00009C7E785F31188BFF36F8F10
:1075400083F31188BFF36F8F0423184602DFEFF334
:107550001180202383F31288BFF36F8FD4E785F364
:107560001188BFF36F8FD1E7D4130020EC130020F4
:10757000D80B0020044BC01A044BC0105843044BD6
:1075800001221A54704700BF580C0020ABAAAAAAC7
:10759000EA150020C3897F2B12D80A4B1B6863B100
:1075A000094B90F90E201B689A4209DB437BDB06EE
:1075B00006D1064BC31A18BF012303F00100704720
:1075C0000023FAE700010020F8130020D80A002069
:1075D00070B50E4B0E4C1E7C06EB460304EBC30449
:1075E0000546204603F09DF80A4B002228469A558E
:1075F000FFF7D0FF48B1084B08491A68013A204606
:10760000D317BDE8704000F085B870BDD4130020DA
:10761000580C0020EA1500200001002075750000BC
:1076200038B5EFF31185202383F31288BFF36F8FF2
:10763000104B114A9C681068A04206D1FFF7C8FFA2
:1076400085F31188BFF36F8F38BD00211B7C11605B
:107650000A4AD35C002BF3D02046FFF79BFF00289B
:10766000EED0637BDB0602D12046FFF7EBFC204621
:10767000E4E700BFD4130020F4130020EA15002033
:107680000748084A084908B5121A02F0E9FE0748F7
:10769000074A0849BDE80840121A02F0E1BE00BFDF
:1076A00000000020F402002058C300000000002069
:1076B0000000002058C30000024B1868984208BF21
:1076C0000020704704010020034B1B680BB9FDF735
:1076D00055BC0020704700BFFC13002030B570B1CE
:1076E0000B4B5B6898420AD0036843B1D3E904218D
:1076F000D0E90445121941EB0501C3E90421D0E9A1
:10770000003213605A600023C0E9003330BD00BF6F
:1077100004010020B3F1FF3F08BFB2F1FF3F2DE9A4
:10772000F84F0446994615461F467BD08160EFF31B
:107730001188202383F31288BFF36F8F013279F110
:10774000FF33DFF8E8A020DBFFF7BEFFDAE9002710
:10775000013549F100092D1849EBE073C4E90453E0
:10776000AD18064643EB07074FF00109FFF7A4FFEA
:10777000DFF8BCE0DEF804A00346EBB9C4E900EA98
:10778000CAF80040CEF8044028E0DAE900126FF0B1
:1077900001035B1A4FF0FF3161EB02025B1B62EBEE
:1077A0000902012B72F10001BCBF01230022C0E9D4
:1077B00004324FF00009D9E7D3E9041CD4E90420CE
:1077C0008A4270EB0C0B24DA891A5A686CEB0000C1
:1077D000C3E90410C4E9003214605C60FFF76CFF79
:1077E00084420ED1134B1B685BB9B9F1000F02D173
:1077F000FFF76AFF0646304602F07CFF0021FDF7E6
:107800008FFB88F31188BFF36F8F28463946BDE898
:10781000F88F521A60EB0C009A45C4E90420ADD0F1
:107820001B68AAE700252F46EFE700BF700C002079
:1078300004010020FC1300202DE9F047EFF311852F
:10784000202383F31288BFF36F8FDFF8A490DFF853
:10785000A480C9F80000FFF72FFF00260027D9F801
:107860000030D8E900ECD91750B1D0E90442A34266
:1078700071EB020A1CDAE41A62EB0102C0E904426D
:1078800013EB0E034FF000044CEB01012046C8E956
:107890000031C9F8004002F02DFF2146FDF740FB02
:1078A00085F31188BFF36F8FBDE8F047FFF7B8BECF
:1078B00014EB0E024CEBE473C0E90467C8E9002343
:1078C000FFF70CFF85F31188BFF36F8F836898472C
:1078D000EFF31185202383F31288BFF36F8FD9F85C
:1078E00000301B1BC9F80030FFF7E6FEB7E700BF0A
:1078F000FC130020700C002010B5EFF3118420233E
:1079000083F31288BFF36F8FFFF7DEFE054A03464D
:10791000D2E90001181841EBE37184F31188BFF339
:107920006F8F10BD700C0020F8B50446EFF311877F
:10793000202383F31288BFF36F8F026822B187F38D
:107940001188BFF36F8FF8BDD0E90A36581C46F195
:107950000001022871F1000127D3012B76F100010B
:10796000BCBF012316465D1E46F1FF3602F005FF3F
:10797000013041F10001401946EB0101012871F18C
:10798000000139DB02F0F9FE013041F100016FF036
:107990000102401946EB0103121A4FF0FF3161EB6F
:1079A000030318492046FFF7B5FE236B0133236319
:1079B000236A6BB187F31188BFF36F8F236A204668
:1079C0009847EFF31187202383F31288BFF36F8F5B
:1079D00054F8185FA542B2D0002DB0D0284602F06E
:1079E0001AFE0023AB6787F31188BFF36F8F284619
:1079F000BDE8F84002F000BE6FF001024FF0FF3327
:107A0000CFE700BF297900002DE9F04105461C466B
:107A100090461F46EFF31186202383F31288BFF3AD
:107A20006F8FB4F1FF3F08BFB2F1FF3F05D186F37E
:107A30001188BFF36F8FBDE8F081531C74F1FF33E1
:107A400009DB012A74F10003BCBF0122002412F1FA
:107A5000FF3844F1FF37284602F063FEDDE90601F6
:107A60000023C5E90A012B6342463B4628460249EA
:107A7000FFF750FEDBE700BF2979000037B5044669
:107A8000EFF31181202585F31288BFF36F8F006B10
:107A900098B923688BB14FF0FF334FF0FF32CDE937
:107AA00000230A4804F11802FFF714FBEFF31181D9
:107AB00085F31288BFF36F8F206B0023236381F35C
:107AC0001188BFF36F8F03B030BD00BFEB150020EE
:107AD00010B50A4C23681BB101232360002010BDA0
:107AE00000F0EAF80028F7D00138062803D8044B44
:107AF00053F8200010BD034810BD00BF0014002043
:107B000030B50000FE8FFFFFBFF34F8F0549064BD6
:107B1000CA6802F4E0621343CB60BFF34F8F00BF2B
:107B2000FDE700BF00ED00E00400FA0510B4094BCA
:107B300009490A4C4FF0FE32C3F800244968C3F8E3
:107B40000424C3F80824C3F80C240023C4F8003527
:107B500010BC084700B002500C01002000A00250E9
:107B6000D0E90012014BC3E9001270470C0100205C
:107B700010B5044650B1636813F0685F05D0064A3B
:107B8000934202D000232360626010BD034B04487F
:107B90005B689847EFE700BF2C5F5CA90C010020F1
:107BA0004CB50000C8B143680D4A934213D013F09E
:107BB000685F0ED0012350E8002F194640E8001CF2
:107BC0009CF0000FF7D1012AF5D0BFF35F8F0020A2
:107BD000704704487047044870476FF4E0407047AE
:107BE0002C5F5CA9E98FFFFFEA8FFFFF80B143683C
:107BF000094A93420AD013F0685F05D0BFF35F8F44
:107C000000230360184670470448704704487047D3
:107C10006FF4E040704700BF2C5F5CA9E98FFFFF65
:107C2000EA8FFFFF10B5044620B1044B63600022C9
:107C3000226010BD0248FFF779FFF6E73A00003AEC
:107C400074B5000070B5D0E90023174C174D636080
:107C5000D0E90230C4E9023022604868D1F800C09F
:107C6000134BC3E900C0D5F81801D1F808C0C3F818
:107C700008C010F0685FD1F80CC00969C3F80CC0E7
:107C8000196110D00B49C5F8BC110023C5E9453175
:107C900005F58A70C5F8B8319047236805F5DC70A2
:107CA000BDE87040184770BD28010020181400205E
:107CB000140100202C5F5CA938B500F02FF820B12A
:107CC000032400F063F8204638BD00F031F898B97D
:107CD00000F0ACF898B90F4DD5F828391B0EF02BF1
:107CE00008D1D5F8242A0C4B9A420AD0072400F078
:107CF00017F8E6E70624FAE70424204638BD0024F6
:107D0000F5E7012000F092F804460028F7D1C5F805
:107D10000C0AD8E700B002500000E02000207047B5
:107D200000207047014BC3F8040A704700B00250AE
:107D300010B5114800F048F800B110BD0F4800F030
:107D400043F80028F9D10E4C204600F03DF80028F9
:107D5000F3D10C4B0C481C6000F036F801460028AB
:107D6000EBD100F02DF8044608B1204610BD00F01C
:107D70003FF82046FAE700BF6801002064010020B8
:107D800060010020580100205C01002008B508486F
:107D900000F024F8074800F021F8074800F01EF82A
:107DA000064800F01BF8BDE8084000F00BB800BF23
:107DB0006801002064010020600100205C010020B7
:107DC00000207047704700BF08B5034B02681B686E
:107DD00010689847002008BD2801002008B5034B13
:107DE00002685B6810689847002008BD28010020E1
:107DF00070B5094C094D2069AB68984718B1084B1C
:107E000008485B689847084AEB68206900211160C0
:107E1000BDE87040184700BF140100202801002071
:107E20000C01002098B5000014140020F8B51A4D7C
:107E30001A4E0446B26828699047E8B9184F3B6863
:107E40004CB1A3B1012B19D0013B3B602869F36809
:107E500098470020F8BD43B9124A0121C2F8001525
:107E60001149D1F81029002AFBD101333B60F36896
:107E7000286998470020F8BD0C48F8BD0A4AD2F896
:107E80001039002BFBD1074A6FF07E40C2F8003555
:107E9000FFF748FF3B68D7E71401002028010020C6
:107EA0001414002000A0025000B00250E98FFFFF20
:107EB0000CB430B589B005460C461C22002101A83F
:107EC00002F093FC02238DF806300E4B02930595C9
:107ED00023462CB1B4F1004F28BF4FF00043013BC3
:107EE0001D440DAA0C99069501A8009200F0A8F86F
:107EF00014B1059B00221A7009B0BDE8304002B0F1
:107F0000704700BF75AB00002DE9F0410126074620
:107F1000B24201DCBDE8F0813B461F4613F8014B3D
:107F2000002CF7D0252CF8D11C78252C07F102075E
:107F3000F2D00023DFF804819C461D461F2D18D87F
:107F4000A4F1200EBEF1100F09D9A4F1300EBEF13C
:107F5000090F1ED80A2404FB03E3202504E028FAB5
:107F60000EFE1EF0010F06D017F8014B002CE5D1D4
:107F700028E07F2D1CD8A4F1300EBEF1090FE9D9FD
:107F8000242C10D1BCF1000F46D0B34246D00023C0
:107F9000EAE724F0040EBEF12A0FF8D06C2C09D1C8
:107FA00045F08005E0E724F0040EBEF12A0FEED084
:107FB0006C2C22D06C2C1BD8682C23D06A2C28D097
:107FC0004C2C26D0BCF1000FA4D0B445A0D144F075
:107FD0002007A7F1650CBCF1020F0B6801D9612FD6
:107FE0001ED1073323F0070308330B6001368EE7F9
:107FF000742CB9D07A2CB7D0E4E72C0648BF45F4EE
:108000000075CDE7EC0548BF45F4007545F4807573
:10801000AAE745F42075A7E79C46B8E76324D6E7AE
:10802000692C02D007D8632C03D02F0601D5AC05EC
:10803000D7D40433D9E7732CF6E700BF89280100B1
:108040002DE9F04F95B043680393837880469807F5
:10805000CDE9081217D50D920B4600251F78A7B160
:10806000252F16D001330793039B41463846984786
:10807000002805F1010580F2398498F8023043F0B8
:10808000040388F802304FF0FF35284615B0BDE8EC
:10809000F08F5F789A1C252F0792E5D000242646A2
:1080A000A246A346BBF11F0F32D8A7F12003102B25
:1080B0000AD8DFE803F02409092A0909091B09097C
:1080C0000922092709091900A7F13003092B2DD925
:1080D0002A2F39D154B90D9B1BF0400F53F8042BB4
:1080E0000D9329D0164601E04BF0010B079B13F8C6
:1080F000017B0793002FD5D15BE04BF0020B4BF0D7
:10810000040BF3E74BF0080BF0E74BF0100BEDE737
:10811000BBF17F0F3FD8A7F13003092BD8D81BF054
:10812000400F03D00A2202FB0636DFE70A2202FBD9
:108130000A3A4BF0200BD9E7B2F1000AF9DACAF19A
:10814000000A4BF0280BD1E72E2F05D11BF0400F72
:108150009BD14BF0400BC9E7242F1CD1002C00F021
:108160004281099B0D931BF0400F0AD1524608989B
:108170000DA9FFF7C9FE0D9B1A1DD3F800A00D92A3
:10818000B4E7324608980DA9FFF7BEFE0D9B1A1DF5
:108190001E680D92AAE76C2F00F0128100F209818F
:1081A000682F00F015816A2F00F01A814C2F00F023
:1081B000178134B1099B08980D9322460DA9FFF74A
:1081C000A3FE002E47F02009B8BF2BF0400BA9F109
:1081D0006503BCBF1FFA8BFB0026022B40F208810F
:1081E000B9F1610F40F06782FF4307F02003069367
:1081F0000D9B073323F007031BF0400FD3E9000169
:1082000003F1080208BF4FF0FF36069B0D92009362
:108210000EAA334602F01AFC0130C3B2B3424BF44B
:10822000C054049301DB049B5E1E01230E9F059343
:10823000A3464FF0700907F10903122B0DD907F17E
:108240006303C62B40F20F8107F2E73340F2CE7290
:10825000934294BF0323042305939DF83C2002F02E
:108260000C0312F0010240F019811BF0020F40F0E4
:1082700012811BF0040400F0F880002B40F0118103
:1082800020231BF4405F1FD1049A5032002E6A4411
:1082900008BF0126133A049921B112F8011D3029B3
:1082A00000F036811BF0100F049A18BF3246391DBA
:1082B000C0F23381B74280F23081BA424BF4005BA6
:1082C00040F32D817E1C961B1BF400520A9200F095
:1082D000288127EAE774013403B10134002E00F04D
:1082E0002881721C1444A245CCBFAAEB04040024CC
:1082F0001BF0090F04D12C44A54240F01F8100243B
:1083000043B118464146039B9847002805F10105F3
:10831000FFF6B3AE1BF4006F13D0039B4146302031
:1083200098470028FFF6A9AE069BC3F178004146A6
:10833000039B00F0F8009847002805F10205FFF6BE
:108340009CAE1BF0080F05D12C44AC4240F00281DA
:10835000254600240A9B002B00F01C8127EAE77ABF
:10836000A7EB0A077642049BBB4284BF0EABFB1807
:108370000AF1FF3A88BF5879039B98BF30205645D1
:1083800005F10109414600F3EF809847002807F105
:108390000107FFF672AEBAF1FF3F08D1039B4146D9
:1083A0002E2098470028FFF668AE05F102094D46D9
:1083B000D9E7742F3FF49AAE7A2F3FF497AEF8E6E0
:1083C0001BF0800F18BF4BF4007B4BF0800B8DE649
:1083D0001BF4807F18BF4BF4007B4BF4807B85E659
:1083E0004BF4207B82E62646B3465446B2467DE6F1
:1083F000FF4307F0200306930D9B073323F0070389
:108400001BF0400F03F1080208BF0626B9F1650F03
:10841000D3E900010D9213D1731C0022DBB24BF49F
:10842000805B1446112BCDE9002428BF11230EAA2E
:1084300000F0FCFAC3B2049302230E9F0593FAE600
:10844000B9F1660F05D14BF4005B344601221123CC
:10845000E8E7F3B2012B4FF0000238BF01231446C6
:108460004FF06509DEE70223F6E6002B3FF409AF83
:10847000BAF1030F3BDC9DF83C30A64E13F0080F19
:10848000A54B08BF1E463746B94617F8010BB0BBCF
:10849000AE1BB1447BE033BB2B23F2E62BBB2D2379
:1084A000EFE62022BAF1040F13DD1BF0080FAAF14A
:1084B00004040FD12C44039B04924146202098478A
:1084C000002805F10105FFF6D8ADA542049AF2D1C6
:1084D0009AB10024039B414610469847002805F1B5
:1084E0000105C8DAC9E52B22DCE72D22DAE71BF00B
:1084F000080FAAF10304BED1DCE71446BBE7069BD4
:10850000C01A4146039BC0B298470028BCDAB4E5C4
:1085100004990139C9B20491BDE6561ED4E600267D
:10852000D2E61BF4006F059A0CBF03240524144403
:10853000D2E61BF0100F18BF0134D4E60B9341466E
:10854000039B2020984700280B9B05F10105BFF6EF
:10855000D3AE92E5039B414630209847002805F1B1
:108560000105BFF6F2AE88E598470028FFF685AD15
:108570001BF0100F0BD0BAF1FF3F08D105F1020933
:1085800041462E20039B98470028FFF676AD4D46C6
:108590004C4433E29DF83D00039B41469847002838
:1085A000FFF66BAD002E69DD039B41462E209847F8
:1085B0000028FFF662AD4FF0010A049B9A45BBBF4D
:1085C0000EAB534430205879039B4146984700280E
:1085D000D346FFF652AD0AF1010A5645EDDA0235EF
:1085E0005D44069BA9EB03004146039BC0B298473C
:1085F0000028FFF642AD002FB4BF2D202B20039B97
:108600004146B8BF7F4298470028FFF636AD059B2C
:10861000042B41D14FF47A79B7FBF9F606F130001B
:10862000039B4146C0B29847002805F10305FFF6B9
:1086300024AD09FB16774FF06409B7FBF9F606F194
:108640003000039B4146C0B29847002805F1010560
:10865000FFF613AD09FB16774FF00A09B7FBF9F6E1
:1086600006F13000039B4146C0B29847002805F14F
:108670000105FFF602AD09FB167715E01BF0100FA0
:1086800001D10135ADE7039B41462E2098470028D4
:1086900005F10205A5DAF0E4059B032B05F10205BF
:1086A000C9D0059B012BD7D107F1300005F1010995
:1086B0004146C0B266E7A7F16303122B00F2FF80C8
:1086C000DFE813F013005700FD00FD00FD00FD0082
:1086D0005700FD00FD00FD00FD00FD001701F80042
:1086E000FD00FD002C00FD00B9000D9B1A1D1B684C
:1086F0000D928DF8383001240EAF1BF0080F2ED0EC
:108700003E19B946B1452CD1EF1BB944AAEB04047C
:108710003DE700BF4AC30000EBB900000D9B1A1DE6
:108720000D921F68AB4B002F08BF1F461BF0400F78
:1087300014BF31464FF0FF31384602F05EF8044670
:10874000DBE7039B4146202098470028FFF695ACC5
:10875000013EB442F5D35544AD1BB246D0E7564670
:10876000F7E719F8010B039B414698470028C9DA3F
:1087700083E41BF0800F0D9B35D01BF4007F2DD0C0
:10878000073323F00703D3E9000103F108020D9238
:108790002BF0100900291FFA89F936DA404261EB03
:1087A000410149F480690DF1380B0A235A4602F061
:1087B00030F819F0400FA0EB0B0B65D029F0010247
:1087C0005E4592B240F3B280002F00F0A98019F00C
:1087D00010033446914626D002345CE01A1D186816
:1087E0000D92C117D4E71A1D1BF4807F19680D92F2
:1087F00001D10846F5E71BF4007F15BF48B208B267
:1088000041F3C01141F3C031C2E750EA0103CAD1BC
:108810001BF0400FC7D0002EC5D12BF0110B1FFA53
:108820008BF93446B34640F2064319EA03031CBFF2
:10883000013400232FE02BF0100B1FFA8BFB0A23CF
:108840001BF080040D9A57D01BF400711DBF073236
:1088500022F0070202F10801101D19BF0D91D2E9A3
:1088600000010D90106850EA010252D12BF0160958
:108870001BF0400F1FFA89F94FD0002E4DD12BF07D
:10888000170B1FFA8BF9B34619F0100352D0002FC3
:108890004ED10BF1010419F0080F5ED119F0010F50
:1088A00006D0A2456EDDAAEB040404EB0B06544689
:1088B00022464DE04BF0100B10237827C0E7B9F1AA
:1088C000780F04D1C7F1780343F01003B8E7039B96
:1088D0004146252098470028FFF6CFAB039B414631
:1088E000384698470028FFF6C8AB0235079BFFF7CC
:1088F000B5BB08230027A3E7111D0D911BF4807160
:108900001068B0D01BF400711ABFC0B2214680B20B
:10891000A9E72BF0060B1FFA8BF90DF1380B45E791
:1089200029F011091FFA89F934467CE79146ABE733
:108930005C4651E75C4676E7CDE904234146039B5C
:10894000202098470028FFF698AB049A059B013237
:108950009245F1DC2C1BA5181446F3B1039B41464C
:10896000302098470028FFF688AB6FB90135A9463B
:108970002E44A6EB09035B4521DC5D460EAE5DBBD4
:10898000D944C3E65E4693E7023541463846039B29
:1089900098470028EBDAFFF770BB40F2064319EA6C
:1089A000030FE4D019F0020F14BF2B20202019F47C
:1089B000806F05F10105414618BF2D20E7E7039BB5
:1089C000414630209847002809F10109D1DAFFF724
:1089D00054BB00BF4EC30000013D039B705D414688
:1089E00098470028CBDAFFF748BB039B414620207D
:1089F0009847002805F10105FFF63FAB631B002BEC
:108A0000F3DC73E71FB502AB0093074A4FF0CC339A
:108A100001F0E2FFDDE90201C00840EA4170C90847
:108A200005B05DF804FB00BFCDCCCCCC2DE9F04FF8
:108A30009BB0044605920A460A93C2F30A559DF874
:108A400090300B93D20FC1F313030992090D7DB936
:108A500050EA03021BD1059A30235371099B15601C
:108A600043F002031371012738461BB0BDE8F08FB5
:108A700040F2FF7295424AD10343099B059A14BF05
:108A800043F0080343F0040313710027ECE700F000
:108A9000010208924FEA83080122AC4D48EA90781F
:108AA00087009A461646C5F1000B5846069200F01C
:108AB00011FAB5F1FF3FACBF8146A0F10109ABEB64
:108AC000090B09EB05035846049300F009FA16A9AF
:108AD000A0F17D05584600F023FA12AB069A0193E7
:108AE000A9EB050510AB0292009320462B4616AA6F
:108AF000514601F0B6FEB9F1010F04460D4600F2F1
:108B0000D280089B002B40F0C58001276BE043F426
:108B1000801A00F001024FEA8A080343A5F23545A6
:108B2000089248EA90784FEA800749D140F2FE73F4
:108B300019420CBF01260026002D3246B3DB284621
:108B400000F0C2F9032DC8BF0138049000F0C8F945
:108B5000049B7C305D1B054416A9184600F054FAAE
:108B600012AB019310AB009320462B46029616AA37
:108B7000514601F076FE049B152B04460D4600F28B
:108B8000868014AB724A009338464FF0CC3341468E
:108B900001F022FF149B159A9B0843EA827303EBB2
:108BA0008303BB42DDE9109A0CD13846414600F000
:108BB0009FF9049B83428CBF00270127002612E007
:108BC0000126B9E7089B002B51D1013F48F1FF3145
:108BD000B81B61F1000100F08BF9049B089F8342F0
:108BE0008CBF002601260B9B002B40F09180DDF806
:108BF00028B04FF00008CDE906884FF00A0ADDE9F9
:108C00001001FFF7FFFE129B0E93CDE90C011846F1
:108C10001399FFF7F7FE0C9B0D9A0F9198420B46A4
:108C20009341814680F08E8020462946FFF7EAFE78
:108C30000E9A0AFB09F3934214BF002606F00106C0
:108C40000C9B10930D9BCDE911390F9B1393079B40
:108C5000B8F1000F14BF002707F0010701330AFB2A
:108C600010485FFA88F8079304460D46C7E7B81C1A
:108C700048F1000100F03CF9049B83428CBF0020C6
:108C80000120B9EB00006AF10002CDE910020027D3
:108C90003E46A8E7109B119A013B42F1FF32CDE915
:108CA000103201278AE7B9F13E0FF0D84FF0FF33B9
:108CB000A9F1200003FA09F203FA00F0C9F120013A
:108CC00023FA01F102430A4303FA09F327EA0307EF
:108CD00028EA020857EA08070CBF012700276DE7BA
:108CE00000FB02FCA1FB0012013362448C4275EBD5
:108CF000020CF5D2049ADDF828B01344259A1344E7
:108D0000D20F9342B8BF13469B45A8BF9B4670E75E
:108D10000A21002201230846E8E70AFB03F0A2FB30
:108D20000A2301310344944275EB0300F5D25945FF
:108D300010DDBBF1000F02D154EA05030AD0012374
:108D4000069371E70A2200230121ECE7CCFBFFFF29
:108D5000CDCCCCCC002E2FD04FF00A0A129B139909
:108D60000D931846FFF74EFE0D9B0C910AFB00F287
:108D70009A42814620D1DDE91001FFF743FE0E90B3
:108D80000D9120462946FFF73DFE0D9B0E9A10924D
:108D9000CDE911390C9B1393079BB8F1000F14BF59
:108DA000002707F0010701330AFB10485FFA88F833
:108DB000079304460D46D1E7DDF81090079B9944D0
:108DC000002F5AD0B8F1050F57D114F001034AD142
:108DD000069A32B9DDE912239D4208BF94425FD062
:108DE000069B18194FF00A0445F1000100220126E4
:108DF0002546A04271EB020755D2EBB1B3451BDA11
:108E00000B9B6BB1259ADDF828B006EB09031344E0
:108E1000012BB8BF01239B45A8BF9B465E450BDDD8
:108E200005304FF00A024FF0000341F10001F7F75F
:108E30001DFE09F10109013E5E45A8BF5E4637B23D
:108E40000FFA89F9059B09FA86F607F10508013E34
:108E500098444FF00009B9452CDB059B1A461E606B
:108E6000099B137100E6069B2BB9DDE912239D4295
:108E700008BF944209D00123B3E7069B53B9DDE94B
:108E800012239D4208BF944204D1089B002BF2D1CB
:108E9000002EF0D0B8F1040F94BF00230123A0E707
:108EA0004FF00408F1E705FB02F7A4FB0542013689
:108EB0003A449EE70A220023F7F7D8FD303208F83B
:108EC000012D09F10109C6E7014B5843800C704799
:108ED00041340100014B5843000D7047FB2E0B003D
:108EE000024B5843C00C0130704700BF4F93120033
:108EF0000A4A70B503464FF0CC3600204FF03335A8
:108F000006FB03F402FB0144A3FB023121449D4212
:108F100075EB010401D30130F2E770BDCDCCCCCCB0
:108F20002DE9F04F1A23354EB0FBF3FA03FB1A0379
:108F300089B004460D4606EB0A1653B9D6E900235C
:108F4000C1E90023D6E90201C5E9020109B0BDE883
:108F5000F08F2B4A02EBC303D3E9008904AB0093E3
:108F6000D6E902234046494601F036FD06AB0093A0
:108F7000D6E9002383460F464046494601F02CFDC2
:108F8000DDE9066216EB0B0652EB07084FF0000313
:108F900028BF0123814633B1049B059A013342F176
:108FA0000002CDE9043220460391FFF799FF0746FE
:108FB0001A2000FB0AF0FFF793FF3F1A32464346A0
:108FC00003990097484601F022FD4FEA141C0D4A10
:108FD000640004F01E0352F82C40DC4004F003044B
:108FE000241841F10001C5E90041DDE9042300979F
:108FF0003046414601F00BFDA6E700BF28B1000056
:1090000058B00000B8B500002DE9F04F1A27DFF87E
:10901000E4A000F11905B5FBF7F56F433A1A4FEAE2
:10902000051B89B004460E460AEB05150AD1D5E9A1
:109030000023C1E90023D5E90201C6E9020109B014
:10904000BDE8F08F2C4B03EBC203D3E9008904ABDE
:109050000093D5E902234046494601F0BDFC5AF889
:109060000B206B68013ACDE9020106A963F1000308
:1090700000914046494601F0AFFCDDE906528A46C0
:1090800002996D18039952EB01084FF0000328BFB5
:109090000123814633B1049B059A013342F100025A
:1090A000CDE904323846FFF71BFF07462046FFF79D
:1090B00017FF3F1A2A46434600974846514601F09B
:1090C000A6FC4FEA141C0D4A640004F01E0352F87B
:1090D0002C40DC4004F003040134241841F1000169
:1090E000C6E90041DDE9042300972846414601F026
:1090F0008EFCA2E7F8B1000058B000000CB60000EA
:10910000704708B500F0BCF8002008BD2DE9F04715
:109110000446084611461F46F7F7B2F93946054698
:10912000F7F7B8FAE168D4F800A08046F7F7AAF993
:109130002169E06006462846F7F7A2F93946F7F7B5
:109140005DFBA16807465046F7F7A4FA014638468A
:10915000F7F7A0FA616807465046F7F74FFB31462C
:10916000F7F798FA294681465046F7F793FA0146F1
:109170004846F7F787F901463846F7F783F9D4F8F8
:1091800018A00746814601465046F7F721FC80B1FA
:1091900000212846F7F73AFC20B141463046F7F760
:1091A0006FF9E060D14625614846F7F739FCBDE824
:1091B000F087D4F814A039465046F7F727FC00286A
:1091C000F1D000212846F7F703FCE5E708B501F0E8
:1091D000D4FA4FF47A72A0FB020302FB0131C00BF8
:1091E00040EA4140C90B08BD10B403460068197934
:1091F00083689C697CB10269012312688B40134229
:10920000A44618BF4FF0007310BC08BF4FF0806336
:109210004FF0A072604710BC704703460A460068D2
:109220001979012303FA01F103691B68194218BF78
:1092300082F0010212B18368DB68184783681B69FA
:10924000FBE7F0B403460A461979DB88006813434C
:10925000DC028768066906D513F4402F03D0DA07CD
:1092600048BF83F44023346801258D4023F48012E5
:10927000DB074CBF2C43AC4334603B68F0BC184761
:109280007047836800EBC101B3F5004F2CBF51F864
:10929000220031F81200704700EBC1018068B0F580
:1092A000004F2CBF41F8223021F81230704708B52A
:1092B0000122FFF7E6FFD04008BD8368B3F5004FF9
:1092C00000EBC10108D34B681AB143F001034B60B6
:1092D000704723F00103FAE74B881AB143F001030A
:1092E0004B80704723F00103FAE753000122FFF798
:1092F000D3BFB0F5004F34BF04230823481C083304
:10930000A0EBD300B0FA80F0C0F11F0070472DE948
:10931000F0410D4686680446FFF7C9FFB6F5004FD9
:10932000014601D3012832D03046FFF7E2FF04EBBB
:1093300080010E6996B9E368012282401343E3601D
:1093400002220D612B4629462046FFF7A5FF032286
:1093500029462046BDE8F041FFF79EBF0222314674
:109360002046FFF78EFF2946034607462046FFF7B3
:1093700093FF0322334629462046FFF78DFF3946E7
:109380002B462046FFF788FF02223146E1E7BDE881
:10939000F081B2F5802F2CBF08230423D21A2DE9C7
:1093A000F0418C18CD1D25F0070524F00704641B3F
:1093B0000026E40805602146AC60EE602046FFF719
:1093C00098FF421D9200013002F107074FEAD707CC
:1093D000A2F110023146B8BF324605F1100001F08B
:1093E00004FA3A4631462846FFF77FFF33463246B5
:1093F00031462846FFF750FFA4EB070828463146C0
:109400000122FFF75AFF42463946FFF76EFF3B46FF
:10941000324639462846FFF73FFF21462846FFF7E8
:1094200064FF4346324621462846FFF735FF214672
:1094300028460122FFF741FF3946BDE8F041FFF71A
:1094400066BF2DE9F04706460D46174698462BB3F2
:1094500098F8004093F80190DB78A40004EB4304F3
:1094600098F802301C4444444FF0000ACA4509D31E
:10947000D8F8042008F1080339463046AC46BDE868
:10948000F047604714F8013B48F823402046F7F7BF
:1094900007FB013004440AF1010AE7E76FF0150009
:1094A000BDE8F08770B5002502462846144614F83A
:1094B000013B0BB9184609E098B18D4207D1702BDA
:1094C00004D0A3F140023A2A0BD8002070BDA3F1CA
:1094D00040063A2E05D853780135941C002BE9D06C
:1094E0000020252B08BF80F001002246DEE7002087
:1094F00070470FB407B504A951F8040B019100F0AF
:1095000068FB03B05DF804EB04B0704710B5036965
:10951000024613F0080009D11368D4689C4297BF33
:10952000126AE31AD31A01200B6010BD00231846FB
:10953000FAE713B501A90446FFF7E8FF20B1019B44
:10954000E268013B13440193206A019BC01A013871
:1095500002B010BD10B5044650182269236AD20724
:1095600002D5013B184010BD984228BFC01AFAE747
:1095700010B504460A46C168FFF7ECFF2369E060B6
:1095800023F00803236110BD38B50D46C2698B0076
:10959000016843F0020342F82130044601682A467C
:1095A000FFF7D8FFE36861682060984202BF236933
:1095B00043F0080323612A462046FFF7CBFF606093
:1095C00038BD2DE9F74FC768C6699B4606EB870390
:1095D000009316F8273003F00303022B0446884655
:1095E00091464FF000030BD01360CBF80030236995
:1095F0009B0713D44FF0000A504603B0BDE8F08F2C
:1096000056F8271013608908CBF80030EFD0FFF729
:10961000AFFFE368A3604FF0010AEDE7A36906EB33
:109620008700984716F8272012F0010A0546E1D076
:1096300012F002021FD0B8F1000F03D041462046BD
:10964000FFF7A2FF61682A462046FFF783FFD4E9AF
:1096500002219142606006D12A462046FFF77AFF38
:109660004FF0000AA060A2682260E260226942F026
:1096700008022261C0E7014620460192FFF778FF09
:10968000E368A360B8F1000F04D02168E369019A90
:1096900043F8212005EB0802CBF800202168204682
:1096A000FFF758FF2369206043F00803236116F891
:1096B00027306FF3000306F82730009BC9F800300D
:1096C000A9E770B504461546FFF744FF23688342B7
:1096D00005D12369216023F00803236170BDE2698D
:1096E000AB0043F0020342F82130204661682A466D
:1096F000FFF730FF6060F1E738B503695B070446A8
:1097000006D5456AFFF715FF85422CBF656260628A
:1097100038BD38B50D4604461C22002101F065F81D
:10972000EB68A361AB6863612B68E3616B682362DC
:10973000002262622A6923B1591E194208BF42F011
:1097400001022261012204F128000021BDE8384015
:1097500000F001BF2DE9F04F87B000250093036AA8
:1097600003958B4204460E4692460595A94639D389
:10977000EFF3118B202383F31288BFF36F8F059AC9
:10978000D8462AB129462046FFF79BFF00230593C0
:1097900004A92046FFF7BAFE0499B14207462AD32E
:1097A0002268E36913F8221021F0030103F8221064
:1097B00003EB8209216832462046FFF7CBFEE368BF
:1097C0002060984212D0002788F31188BFF36F8F72
:1097D000039929B162690AB1204690470023039397
:1097E000002FC5D1484607B0BDE8F08F236943F08C
:1097F00008032361E7E718B12046FFF7C5FEE3E75A
:10980000009B5AEA03021CD0019100F0B0FE0199BE
:10981000B8B9BBF1000F14D187F31188BFF36F8F74
:10982000009B524604F12800FDF7D0FAEFF31188AF
:10983000202383F31288BFF36F8FB0FA80F77F097C
:10984000C2E705AB03AA20462568FFF7BAFE074624
:10985000BAE770B50446836908460D469847024644
:10986000EFF31186202383F31288BFF36F8F2B78D9
:1098700043F001032B7061682046FFF76BFE6060C8
:109880002046FFF739FF86F31188BFF36F8F70BD55
:109890002DE9F04104462027EFF3118687F3128863
:1098A000BFF36F8F236913F0080FA36802D16268BA
:1098B000934200D9226AE169D21A32B986F311883B
:1098C000BFF36F8F4FF0000833E011F8232012F040
:1098D000030001EB8308F1D0022803D151F8235093
:1098E000AD0805D1D00712D4A36940469847054674
:1098F000A1682A462046FFF72DFE2946A060204693
:10990000FFF736FE86F31188BFF36F8FC4E742F08E
:10991000020201F823204046A369A568984729461A
:1099200002462046FFF716FEA06086F31188BFF3BB
:109930006F8F4046BDE8F081F8B50446836908465C
:109940000D4698470646EFF31187202383F31288CC
:10995000BFF36F8F2B786FF300032B7023699B0786
:1099600005D5E268E36903EB82039D421AD12B78A7
:109970006FF341032B70D4E90231994204D132468E
:109980002046FFF7E7FDA06031462046FFF7F0FDD7
:1099900087F31188BFF36F8F04F12800BDE8F8400A
:1099A000FDF7E0B92B6860F39F032B60F0E7EFF35E
:1099B0001181202383F31288BFF36F8F036913F0A3
:1099C000080F836802D14268934200D9026AD31A11
:1099D00081F31188BFF36F8F181E18BF01207047E5
:1099E000038B13F0070305D10368002B0CBF002085
:1099F00003207047022B05D1408BB0FA80F040095C
:109A000080007047012B05D10368002B0CBF00209C
:109A1000052070470020704710B50C4600B111B901
:109A20006FF0150010BD081D00F093F80028F9D163
:109A3000A368032BF6D9F3E72DE9F0410D4607465D
:109A40001946281D90461E4600F094F8044638B189
:109A50003346424629463846A446BDE8F0416047B1
:109A6000BDE8F08110B4EFF31182202484F3128852
:109A7000BFF36F8F416110BC0121F8F71BB938B5F6
:109A80000C46054658B151B10B6843B14B6833B130
:109A90001C22002100F0A9FE2C61002038BD6FF0CF
:109AA0001500FBE770B505460E46FFF7B5FF041E2F
:109AB00014DBEFF31182202383F31288BFF36F8F3F
:109AC0006B8B2C8B4FF6FF718B4204F0070407D190
:109AD00082F31188BFF36F8F6FF00A04204670BDC8
:109AE000022C0CD101336B8382F31188BFF36F8F8B
:109AF0000023224631462846FFF79EFFEEE7062C5C
:109B000014D8DFE804F004131313041A040000232C
:109B100033606B683BB9C5E90066ACB902212846E1
:109B2000F8F7C8F8DAE71E606E60F6E782F311888E
:109B3000BFF36F8F6FF00404D0E782F31188BFF397
:109B40006F8F6FF08504C9E782F31188BFF36F8FC1
:109B5000C4E7034658B1426802F00302012A03D069
:109B6000032A04D1026812B10020986070476FF098
:109B7000150070474268816002F00302032A4FF02B
:109B8000000203460CBF006810465A6070477047D9
:109B900003785B075FBF03684288C3F34A2303EB84
:109BA00012105DBF173020F00700800800207047BA
:109BB0000020704700F003BB0346BFF35B8F53E800
:109BC000000F421C43E800210029F8D1BFF35B8F4E
:109BD00070471FB50023CDE90201CDE900331A46D5
:109BE00019461846F8F79CFC05B05DF804FB012007
:109BF000F8F744BA002070474368DA714368196087
:109C0000436801225A71F8F72BBA70B5D2E90136D0
:109C10009B1B8B420C4615460AD313680A46014625
:109C2000981900F0D4FDAB682344AB60204670BDAA
:109C30006FF01B00FBE770B50E461546194604464B
:109C400018B9BDE87040F8F719BA33B1C2F34A2326
:109C50001030120D184400F0BAFDC4E90056204639
:109C6000BDE87040F8F7B8BB2DE9F3415F1C4FEA3F
:109C70008708064608F1170020F0070080080C4608
:109C80001546F8F77DFA0023ADF805308DF807305A
:109C90008DF8047068B10346019A43F8102FA8F1BB
:109CA00004012A46294452F8045B43F8045F8A42BF
:109CB000F9D1A20102F4E07242EA482222F07F4286
:109CC00022F47002002322F03F02314602B0BDE8C8
:109CD000F041FFF7B0BF07B50123019201AAFFF7DA
:109CE000C3FF03B05DF804FB07B5CDE900230223F1
:109CF0006A46FFF7B9FF03B05DF804FB1FB5CDE975
:109D00000123069B039301AA0323FFF7ADFF05B0D0
:109D10005DF804FBF8B506460D4614461F4604B927
:109D2000F8BD214628463A46B047241A0544F6E7CE
:109D300010B5426881680446D2E900230068FFF745
:109D4000E9FF636800221A6010BD38B54B681A68D5
:109D5000CB689A4205460C4602D10846FFF7E8FF59
:109D60006368BFF35B8F53E8002F511C43E800107A
:109D70000028F8D1BFF35B8FA3689D54002038BD45
:109D80000A2838B504460D4602D10D20FFF7DDFF45
:109D900029462046FFF7D9FF002038BD2DE9F043C2
:109DA000054687B008460E8891F80090D1F80880E3
:109DB0000C461746F8F704FC011EC6F38216C9F3D9
:109DC000C2091EDB4846F8F719FB034621466088A6
:109DD00051F8102B0196C2F34A22002A01EB02042B
:109DE000C0F30B1008BF00210022CDE90407CDE924
:109DF0000214009241462846F8F70EFC07B0BDE871
:109E0000F0830023E2E743681B685B680020196168
:109E1000704743681B681A685268536070472DE9A1
:109E2000F04143681B685A68012111751D68D5E926
:109E30000136D3E900482F681CB96B681C60BDE887
:109E4000F081214630464246B847241A0644F3E7DB
:109E500043681B681868F8F749BD70B543681D680A
:109E60006B6818690C46F8F7E5F8214603460F229F
:109E70002868BDE870401847FEE701460068F8F71B
:109E800089BE08B5F8F7E2FEBDE80840F8F702BF62
:109E90000A460121FFF71FBF00210120F8F77ABE13
:109EA00061B662B680F31188BFF36F8F704772B6E8
:109EB000002383F31188BFF36F8FBFF34F8F30BF41
:109EC00062B6BFF36F8F704772B6002383F31188B9
:109ED000BFF36F8FBFF34F8F20BF80F31188BFF3A5
:109EE0006F8F62B67047202809D9B0F1004F08D8AB
:109EF0000138B0FA80F0C0F11F0040007047082020
:109F000070473E20704708B5D1E9043198470020DA
:109F100008BD08B5F9F72CFC002008BDFCF722BFEE
:109F20000369C9B20C2201FB0233186C00F0070070
:109F3000704770B5C9B20369EFF31185202484F32B
:109F40001288BFF36F8F0C2606FB0134246C14F0CB
:109F5000C00408D0A24206D085F31188BFF36F8FEA
:109F60004FF0FF3070BD71430B4401221A6485F33A
:109F70001188BFF36F8F43680B445B6898470020DC
:109F8000F0E78022FFF7D5BFF8B5069F0469C9B294
:109F9000EFF31186202585F31288BFF36F8F0C2510
:109FA00069430C44256C05F0070CBCF1010F0BD183
:109FB000276486F31188BFF36F8FC4E90E234368CB
:109FC0005B5898470020F8BD05F0C005AF4286F306
:109FD0001188BFF36F8F0CBF6FF077004FF0FF3029
:109FE000F1E713B580240094FFF7CEFF02B010BD57
:109FF00010B40069CBB21C2403FB0400002110BC88
:10A0000010470020FBF78AB9002000F0F6B8104690
:10A01000FCF7A8BE43685B68D3F810350B600020DE
:10A02000704743685B6802EA010021EA0201C3F855
:10A030000805C3F80C150020704743685B680020D2
:10A04000C3F80815704743685B680020C3F80C1517
:10A05000704743685A68D2F8043521EA03000B4080
:10A06000C2F80805C2F80C350020704710B5036926
:10A070005868F8B1884219D19C6808685860A142B4
:10A0800000D19860002008602AB15A680A609A6876
:10A09000596002B99960002010E0814206D1086839
:10A0A000206098688142EDD19C60EBE7044600682F
:10A0B0000028F2D1002AE8D16FF0150010BD30B5AC
:10A0C00043681360057A446804EBC504A34202D3D5
:10A0D0006FF0010030BD5C798C4201D00833F0E7AD
:10A0E0000020F7E770474368DB6B0020C2E90030CF
:10A0F000704743681B68D3F88004C3F88004704736
:10A1000042681368D3F8100150B1D2690020127868
:10A110000A70C3F81001D3F8102101221A607047A9
:10A120004FF0FF30704702680346D2F8580140B93B
:10A130005B68DB0706D4D2F82001003818BF012085
:10A1400070470120704743681B68D3F80423D20589
:10A1500017D5D3F82021A2B1EFF31182202181F38A
:10A160001288BFF36F8FD3F8201131B10021C3F8EB
:10A170002011D3F820110121D96082F31188BFF397
:10A180006F8FD3F85831704713B501AA0446FFF713
:10A1900096FF002805DB019B226819791868FAF7F9
:10A1A000EBF902B010BD00F150039B009BB203F12C
:10A1B000804303F5883300221A601B68704708B596
:10A1C000FAF742FD08BDFDF783BC08B5F8F7F6FBCA
:10A1D000F8F7CAFCBDE80840FDF77ABC004700F07C
:10A1E0000EB9C00000F1804000F5F830C0F810153D
:10A1F000C0F814257047FBF7FFBCFBF70BB8F7B5A9
:10A20000019001A8DDE9084716461D46FBF718F93D
:10A21000019BB6F1000C18BF4FF0010C00EB83005E
:10A220000B1E18BF0123002D43EA4C0314BF4FF04F
:10A230000C0C4FF0000C002C43EA0C0314BF4FF43D
:10A24000E06C4FF0000C002F43EA0C03D0F800271D
:10A2500014BF4FF4403C4FF0000C43EA0C0322EAD9
:10A26000030301B109780EB13678760019430DB1B8
:10A270002D78AD0031430CB12478240229430FB16D
:10A280003F783F040C433C43C0F8004703B0F0BDA7
:10A290001FB50DF10F03019300238DF80F100093EC
:10A2A0001A461946FFF7ABFF05B05DF804FB38B559
:10A2B000054608460C46FBF715F9B0B10846FBF712
:10A2C00005F990B90846FBF7F5F82A6801238340A1
:10A2D000C2F808332A6803B202EB8303D3F81025CF
:10A2E00022F00302C3F8102538BD20460021BDE846
:10A2F0003840FFF7CDBFFBF77BB9FFF7D8BF30B5CC
:10A3000002240C72CA6004680125C4F8005509686B
:10A3100079B112F0040F0CBF82219221150748BFBA
:10A3200041F02001D406046848BF21F08001C4F840
:10A3300000139B000168083312F0800006BF012261
:10A34000CA50C81830BD30B5A2F58075AD080124DB
:10A35000AC400C4207D0815829B10021815082586D
:10A360001A6822431A6030BD13B500230C460193CE
:10A370004FF4887201ABFFF7E6FF21464FF48A7273
:10A38000FFF7E1FF21464FF48E72FFF7DCFF214615
:10A390004FF48272FFF7D7FF21464FF48472FFF724
:10A3A000D2FF21464FF48672FFF7CDFF4FF48C7237
:10A3B0002146FFF7C8FF019802B010BDFBF732BC81
:10A3C000A1F5807310B59B08012404FA03F318402B
:10A3D0000CD001F1804101F5E041086830B1002066
:10A3E00008600968116819431160204610BD08B55E
:10A3F00000210120FBF7E0FD0028F9D008BD08B1DD
:10A40000F9F7FEB97047704740B1C368587810F04B
:10A4100001001EBF1878B0FA80F040097047EFF3D2
:10A420001183202383F31288BFF36F8FFEE710B5EB
:10A430004369044633B90020E268537843F00103CE
:10A44000537010BD98470028F5D00028B8BF40428F
:10A45000E368FF28A8BFFF201870EDE700F0C5B93A
:10A4600000F0B5B94169836843EA010212F00302C2
:10A470000FD1C2600269013A01FB023382689A423D
:10A4800001D900207047C2681A604269C3609B1AF4
:10A49000F4E76FF01500704710B5C0E904320023EF
:10A4A000816083610446FFF7DDFF0028A8BFC4E98F
:10A4B000004410BD2DE9F04105460F46EFF3118829
:10A4C000202383F31288BFF36F8FC668F6B9046840
:10A4D000A0421BD0D4B1D4E9003213605A60637B30
:10A4E000A66023F002036373C4E9006604F1180058
:10A4F00000F017F92046A667276100F07DF8414675
:10A5000005F10800BDE8F041FCF778BE3E60AB699C
:10A51000EF60013BAB6188F31188BFF36F8FBDE83B
:10A52000F08108B52024EFF3118384F31288BFF380
:10A530006F8FFFF7BCFCF6E790F90E308B4201D02D
:10A54000FCF7EABD0020704703460020C3E9020083
:10A55000C3E9003370473AB18A4205D3C0E9021219
:10A56000C0E90000002070476FF015007047EFF35E
:10A570000580003818BF012070476FF05700704702
:10A5800000207047D0E9003213605A600023C0E910
:10A590000033704708B5FFF7F5FF437B23F0020354
:10A5A00043730023836008BD38B504460D46FCF7AD
:10A5B00011FD637B43F002036373E5B1A5602B6873
:10A5C0009D4209D16B68C4E900531C606C6012E0C5
:10A5D0006A689A42F6D01B68002BF3D094F90E20DB
:10A5E00093F90E108A42F3D09142F1DD5A68C4E922
:10A5F000003214605C6038BD10B5EFF31184202385
:10A6000083F31288BFF36F8FFCF7A2FC84F31188E9
:10A61000BFF36F8F10BD08B5EFF31181202282F3D5
:10A620001288BFF36F8F83680BB1FFF7B3FF81F31D
:10A630001188BFF36F8F08BD10B50146EFF3118489
:10A64000202383F31288BFF36F8F437B13F0280F0F
:10A650000AD183680BB1FFF79DFF4B7B23F0040306
:10A660004B730846FCF774FC84F31188BFF36F8FBB
:10A6700010BD01211838FFF7DFBF08B50346EFF31F
:10A680001181202282F31288BFF36F8F006883420A
:10A6900007D008B1FFF77EFF81F31188BFF36F8FFA
:10A6A00008BD0020F8E738B504460D46FCF760FE0B
:10A6B000B5F1FF3F08BFB4F1FF3F0246204618D076
:10A6C00000204FF47A7447F6FF730146C2FB043151
:10A6D000B3F5004F71F100020BD36FF400429A42C0
:10A6E00043F6FF728A4126BFD80B40EA41406FF023
:10A6F000004038BD08B50246FCF7DEFF70B1D0E976
:10A7000004319B1A61EBE272B3F1004F72F1000168
:10A7100004DA002AACBF1846002008BD6FF00040E4
:10A72000FBE738B50246EFF31185202383F3128847
:10A73000BFF36F8F0368CBB1FCF7BEFF0446104632
:10A74000FCF7CCFF00224FF000438442C0E9042311
:10A7500006D1FCF7B9FFFFF7CDFF0021FAF7E0FBC8
:10A76000002085F31188BFF36F8F38BD6FF015009F
:10A77000F7E708B5FDF7C0F808BDFDF7BDB8002341
:10A78000C0E9081200F11802C0E90622C0E900334E
:10A7900003634363704710B50446FFF7C2FFA8B9CF
:10A7A000636A0BB12046984704F11800FFF765FF74
:10A7B00060B1FFF721FFEFF31180202383F31288AC
:10A7C000BFF36F8FBDE81040FCF72ABD10BD0A44EF
:10A7D000914200F1FF3300D1704710B511F8014BE1
:10A7E00003F8014F9142F9D110BD02440346934250
:10A7F00000D1704703F8011BF9E710B50246014488
:10A800008A42134603D01C780132002CF8D1181A62
:10A8100010BD2DE9F047C3F13709074688465FFAB6
:10A8200089F903F01F0516464FF0000A38464146E5
:10A830002A465346F6F71AF9D4B2092C88BF4C447D
:10A840003A46434688BFE4B2AA4204F1300473EBAF
:10A850000A0306F8014B07468846E7D23046BDE8B2
:10A86000F0872DE9F04F87B00618994602AB41EB0F
:10A870000104009315463046D2E900232146DDF855
:10A8800044B000F0A9F804AB0093D5E902230746D1
:10A8900088463046214600F09FF8DDE902638419BE
:10A8A00051EB0306049BD5E900014FF0000228BFDD
:10A8B0000122D218059B43F10003381848EB01012F
:10A8C000B84271EB0801D5E902C134BF0120002074
:10A8D00014EB0C0C46EB010110EB0C0041F10001F4
:10A8E000A04271EB060C34BF4FF0010C4FF0000C8E
:10A8F000CDE90423A9F1410A1CEB020243F1000354
:10A90000CDF800A000F083F8109BC3E90001129B72
:10A91000012BDDE9042329D1D5E90201D5E900C5E0
:10A92000201A66EB0101674578EB050534BF012568
:10A930000025401B61F10001844276EB010534BF24
:10A9400001250025521BCDF800A063F1000300F0A3
:10A950005EF8DDE90423CBE90001CDF800A0204634
:10A96000314600F054F807B0BDE8F08F17EB070E42
:10A9700048EB080C201946EB0601BE457CEB0808A5
:10A9800034BF01270027C71941F10008D5E90001AC
:10A9900086457CEB010CD5E9021534BF012000206F
:10A9A000381A68F1000C401A6CEB050192185B41F3
:10A9B000A74278EB060534BF01250025521943F163
:10A9C0000003874278EB010834BF01250025521BA4
:10A9D000A9F140050095B8E7F0B50F460446A0FB85
:10A9E0000201A7FB02524919A3FB044542F10002F0
:10A9F000A7FB0373611845F10004D219059E43F1CA
:10AA00000003121943F10003C6E90023F0BDF0B5BD
:10AA1000059CC4F14007C4F1200602FA06F6A4F131
:10AA20002005BB4022FA05F53343C4F120062B4331
:10AA300001FA06F6A4F12005E04021FA05F53043BD
:10AA4000BA402843E14010431943F0BD2DE9F041DD
:10AA50000446CD0FC1F30A50C1F3130154EA0107B4
:10AA6000157140F2FF7607D0B0420CD145F00805D1
:10AA700015710020BDE8F081002863D0B0425ED19E
:10AA800045F00405F4E7002859D10120A0F2FF3079
:10AA9000002B106059DB0C2B59DCC3F10D05AD0008
:10AAA000012005F1FF3CA5F12107C5F1210620FA9F
:10AAB00006F600FA07F700FA0CF03743061847EBE2
:10AAC0000708D6F1000E68EB480C013E48F1FF384C
:10AAD000264008EA0108B04277EB08080FDBC5F111
:10AAE0002008B5F1200601FA08F824FA05F545EA30
:10AAF00008055CBF41FA06F63543ED0703D520187B
:10AB0000044641EB070104EA0E0401EA0C019DF83A
:10AB10001860123218460D25C6F127064FF0300E88
:10AB200004F00F03240944EA017405F1FF3C091104
:10AB3000571EB3B9A8420CDA65463A46F0E741F42D
:10AB40008011A3E704460146A2E70023DFE70D23B7
:10AB5000DDE782F800E01CF1010365463A46DFD1EB
:10AB600088E7092BC8BF9B193033A8421370B8BFC0
:10AB70002846F0E7D1E9043293421EBF5A1C0A610D
:10AB800018707047014800687047000030120020BC
:10AB9000105FFF7F01000000BD37000000000000D3
:10ABA0000000000008AC0000556B00000000000031
:10ABB0000000000048AC00000000000028AC0000CD
:10ABC000C7A10000000000000000000068AC000009
:10ABD000CD41000000000000BD4D0000000000005D
:10ABE000351F000000000000993700000000000041
:10ABF000CBA10000000000000000000088AC0000B5
:10AC000000000000A8AC000060C1000018B4000003
:10AC1000A0AF00007201002064120020653F000018
:10AC2000000000000000000089C1000030B40000F6
:10AC300074AF000074010020B812002085430000AA
:10AC4000000000000000000097C1000048B40000B0
:10AC500074AF000076010020C4120020854300007C
:10AC6000000000000000000036C20000B8B4000080
:10AC7000BCAF00007A010020D8120020454A000035
:10AC8000000000000000000044C1000000000000BF
:10AC900068AF0000700100200000000001390000D2
:10ACA000000000000000000001C2000060B40000CD
:10ACB00098AF000078010020D01200203D4700002E
:10ACC0000000000000000000C5530000DDA10000EE
:10ACD00000000000999E000068AC000047A1000041
:10ACE00000000000999E000000000000999E0000F6
:10ACF00000000000999E0000495A0000DDA10000FC
:10AD000061660000DDA1000000000000999E0000C7
:10AD100000000000999E000000000000999E0000C5
:10AD200000000000999E000000000000999E0000B5
:10AD300000000000999E000000000000999E0000A5
:10AD400000000000999E000000000000999E000095
:10AD5000000000004D4E000000000000999E000021
:10AD600000000000999E000000000000999E000075
:10AD700000000000999E000000000000999E000065
:10AD800000000000999E000000000000999E000055
:10AD900000000000999E000000000000999E000045
:10ADA00000000000999E00004D5E0000DDA1000043
:10ADB00000000000999E000000000000999E000025
:10ADC00000000000999E000000000000999E000015
:10ADD00000000000999E000000000000999E000005
:10ADE00000000000999E000000000000999E0000F5
:10ADF00000000000999E000000000000999E0000E5
:10AE000000000000999E000000000000999E0000D4
:10AE100000000000999E000000000000999E0000C4
:10AE200000000000999E000000000000999E0000B4
:10AE300000000000999E000000000000999E0000A4
:10AE400000000000999E000078050020402F00209F
:10AE500000040000DD0E0000000000000000000003
:10AE600000000000010000000000000090B600009B
:10AE7000000000000000000078040020C026002030
:10AE800000040000790F0000000000000000000036
:10AE900000000000030000000000000079B6000080
:10AEA0000000000000000000F80200200016002052
:10AEB000000800009D1300000000000000000000DA
:10AEC00000000000060000000000000060B6000066
:10AED0000000000000000000F8040020002B00200B
:10AEE00000040000B1140000000000000000000099
:10AEF00000000000020000000000000085B6000015
:10AF0000000000000000000078030020401E002028
:10AF1000000400009D11000000000000000000007F
:10AF200000000000050000000000000069B60000FD
:10AF30000000000000000000F80300208022002034
:10AF400000040000550E000000000000000000009A
:10AF500000000000030000000000000071B60000C7
:10AF60000000000000000000D93A0000693C000029
:10AF700058020000CD43000015A0000023A00000EF
:10AF80003BA0000047A0000053A000001D420000AD
:10AF90006DA000000000000021480000E7A00000B4
:10AFA000BD3F0000839F0000E39F00000000000001
:10AFB000219F0000000000000000000001A100002F
:10AFC00091490000F3A000003FB70000030000001B
:10AFD0004AB700000300000014B80000030000009E
:10AFE000E7B600000300000051C1000003000000AC
:10AFF000BFB80000030000007BC100000300000098
:10B00000D8B8000003000000DCB800000300000016
:10B0100004BA000003000000AFBE000003000000FF
:10B0200047C30000030000000EC200000300000040
:10B0300011BF00000300000044C200000300000034
:10B0400098B30000C0000020F3B900000100000028
:10B050000338FDD870470000010000000000000028
:10B0600005000000000000001900000000000000C2
:10B070007D000000000000007102000000000000E0
:10B08000350C000000000000093D00000000000039
:10B090002D31010000000000E1F505000000000076
:10B0A00065CD1D0000000000F902950000000000C1
:10B0B000DD0EE90200000000514A8D0E0000000084
:10B0C0009573C24800000000E941CC6B010000000C
:10B0D0008D49FD1A07000000C16FF28623000000B1
:10B0E000C52EBCA2B1000000D9E9AC2D7803000048
:10B0F0003D9160E45811000031D6E275BC56000065
:10B10000F52E6E4DAEB10100C9EA268367780800BE
:10B11000ED95C28F055A2A00A1EDCCCE1BC2D300FB
:10B1200025A4000A8BCA22040000000000000000D1
:10B1300000000000000000100000000000000000FF
:10B14000B9340332B7F4AD1410DB1AB30892540EBD
:10B150000D307D951447BA1A66088F4D26ADC66D21
:10B16000F598BF85E2B74511CA96853D92BD1DEBA6
:10B17000FCA11860DCEF52163C92AE220BB8C1B4B1
:10B18000839D2D5B0562DA1C304C7E8F4E8BB25B4B
:10B1900016F4529F8B56A512FBD4827643ED8AF0AB
:10B1A0008FE7F9311565191850F19BD94A13EEB4A0
:10B1B000284CF0A686C1251F035FC270CB9E49169E
:10B1C000E642889C44EB2014B0650836AD6EA58538
:10B1D00085F0CA14E2FD031A0B899979D5B13D09AE
:10B1E000D8DA973A35EBCF10AC363F5E73BB38CF29
:10B1F0003E6752FA44AFBA1501000000000000009B
:10B200000000000000000020345065C05FC9A65255
:10B21000BB13CBAEC440C21806C8DF7100D5A87CF2
:10B22000F56F0FDA58FC27136E4756357D242065DD
:10B2300002C7E768E48CA41DE9E60268D7CD39614E
:10B240007977FCC2405BEF16798CDE43FFA751F99A
:10B2500091F3B278F5BDBE11E857E9D6E8BEE87BB8
:10B26000B054AC8F848D751BEA23A499E9F9D38B74
:10B27000B7A3714061DA3E15CEE33ECB73F94808BF
:10B280008C97B427D51B7010A2BFEFB9EB85321590
:10B290004DB44DB49BBB6F1996B6076CF8E7EEAD95
:10B2A00036D9B4F59135AE13222218AF4E6A684DE7
:10B2B00091DAAA3D4F40741E9FBD9EE006A1C09842
:10B2C00057C2A7FDA40E90170E7D497173E3208F1E
:10B2D000B220D87605143B12853D7434811343B0F7
:10B2E000AD297A5F27F4351C88AC0000000100040A
:10B2F00000000002000000000C00000048AC00004C
:10B300001000010048AC00000F00010048AC000034
:10B310000E00010048AC00000D00010048AC000028
:10B320001900110048AC00000C00110048AC0000EE
:10B330000B0011007806002000010000EF9B0000C8
:10B34000919B0000020000009D9D00000000000095
:10B35000000000000000000000000000D3B9000061
:10B36000DBB9000000000000000000000000000049
:10B37000E3B90000E7B90000EBB90000EFB9000045
:10B3800088B30000F00C002071290000080D002097
:10B39000E5150020010000005B9E0000519E0000AA
:10B3A0001F9E0000139E000000000000079E00008A
:10B3B0000000000000000000799E0000E000002076
:10B3C000D8000020D000002000000000C8000020AD
:10B3D000D52A0000C92900001D2A00007D2A00008E
:10B3E000000000200000000000000B06020000002A
:10B3F000F4B3000000000000FCBE000026000206BE
:10B400000000002004BF000022000B11ED3E0000F0
:10B41000BD3E0000000000003D400000313F000044
:10B420006FC1000003A0000009A0000075C100006A
:10B43000FFFF0000000300500000000001000000BA
:10B440000060004000000000BCF801FF0000005058
:10B45000000000000000000000600040000000004C
:10B4600000C00140000000000000000000000000DB
:10B4700000000000000000000000000000040000C8
:10B48000E803020101010000DA15002004000000B9
:10B490000000000000000000A0B400000024F40040
:10B4A00000C00140ACB4000001000000B4B40000D2
:10B4B000010000001C0001160020004001000000F7
:10B4C00000000000D8B400000000D6010000000019
:10B4D000E8150020E715002000200040E4B400003B
:10B4E00001000000ECB400000400000006000000B1
:10B4F000050000020806000107060003080000001E
:10B5000003000000F8C2000006C300001AC30000D8
:10B5100029C3000035C3000098AB000098AB0000C1
:10B52000D8AB0000E0AB000008AC000008AC0000A5
:10B53000FF8FFFFFFF8FFFFFFE8FFFFFFE8FFFFFDD
:10B54000FD8FFFFFFC8FFFFFFC8FFFFF6D757465A4
:10B55000785F667265652063616C6C6564207769ED
:10B560007468204E554C4C20706172616D65746535
:10B570007200000043616E277420696E697469610E
:10B580006C697A65206D757465782C2077617320FD
:10B590004E554C4C0D0A0000436F756C64206E6F65
:10B5A00074206C6F636B20706F77657220736176A7
:10B5B00065206D75746578000000000000000000D3
:10B5C000000000000000000000000040955969598B
:10B5D00055555455155555560405154110545540AB
:10B5E0004551554440455044505555450040004054
:10B5F00040044496655556554540455451411540C3
:10B600005591555555554051050100005445545428
:10B6100045550504001004101404400000000140CA
:10B62000555515415404000044000100000000403D
:10B6300041000044504445505400555554556551FF
:10B64000004000400100000100050100115451516B
:10B6500054555505000000000000000000000000E7
:10B66000646973705F746964006C65645F746964B5
:10B670000070776D5F74696400636F6E74726F6CD5
:10B680005F7469640066696C7465725F74696400F4
:10B690006164635F7469640050574D207365742062
:10B6A0006661696C65643A202564004572726F7248
:10B6B0003A2050574D2064657669636520257320D4
:10B6C0006973206E6F7420726561647900486561EA
:10B6D00074657220496E697469616C697A65642069
:10B6E0002850574D290A004865617465725F4D6F97
:10B6F00064756C650041444320636F6E74726F6CB7
:10B700006C6572206E6F7420726561647900436F9E
:10B71000756C64206E6F7420736574757020636837
:10B72000616E6E656C2028256429004144432052D7
:10B73000656164204572726F723A2025640A004187
:10B7400044435F4D6F64756C6500436F6E74726F38
:10B750006C004572726F723A20554920496E6974C7
:10B76000204661696C6564210A005B484541544983
:10B770004E475D005B434F4F4C494E475D005B5366
:10B780005441424C455D00544845524D4F5354413D
:10B7900054205354415254494E47005379737465B1
:10B7A0006D2052656164792E20507265737320425A
:10B7B0007574746F6E203120746F205374617274CD
:10B7C0002E0053797374656D3A205B4F46465D20B9
:10B7D000285374616E646279290053797374656DBE
:10B7E0003A205B4F4E5D207C205447543A20252E52
:10B7F00031662043207C204355523A20252E316665
:10B800002043207C205057523A2025642525207C57
:10B8100020257300446973706C61790028756E731C
:10B8200069676E6564292063686172202A207573D8
:10B83000656420666F722025257020617267756DC2
:10B84000656E742E2049742773207265636F6D6D69
:10B85000656E64656420746F20636173742069741D
:10B8600020746F20766F6964202A20626563617599
:10B870007365206974206D6179206361757365203B
:10B880006D69736265686176696F7220696E2063A5
:10B8900065727461696E20636F6E66696775726147
:10B8A00074696F6E732E20537472696E673A222525
:10B8B000732220617267756D656E743A256400634A
:10B8C000627072696E74665F7061636B6167650058
:10B8D0006C6F6767696E67006C6F67006C6F675F9E
:10B8E0006D676D74004D657373616765202822254F
:10B8F0007322292064726F707065642062656361D1
:10B900007573652069742065786365656473207359
:10B91000697A65206C696D69746174696F6E20283D
:10B92000257529004D6573736167652064726F70BA
:10B930007065642062656361757365206974206554
:10B940007863656564732073697A65206C696D69D5
:10B95000746174696F6E2028257529000D0A001B1B
:10B960005B306D00257320005B2530386C755D20E1
:10B97000005B253032753A253032753A2530327504
:10B980002E253033752C253033755D200025732F1F
:10B99000003C25733E200025733A20002530327884
:10B9A0002000202020007C00256300206D6573733B
:10B9B000616765732064726F70706564202D2D2D32
:10B9C0000D0A1B5B306D001B5B313B33316D2D2D40
:10B9D0002D20001B5B313B33316D001B5B313B3352
:10B9E000336D006572720077726E00696E66006476
:10B9F0006267006C6F675F6261636B656E645F7541
:10BA0000617274006C6F675F75617274002A2A2A14
:10BA100020426F6F74696E67206E524620436F6ECE
:10BA20006E6563742053444B2076332E312E312DB6
:10BA3000653261393766653235373861202A2A2AFE
:10BA40000A002A2A2A205573696E67205A65706891
:10BA50007972204F532076342E312E39392D666677
:10BA600038663063353739656562202A2A2A0A002C
:10BA70006D757465785F696E69742063616C6C655F
:10BA8000642077697468204E554C4C207061726157
:10BA90006D6574657200436F756C64206E6F742001
:10BAA000616C6C6F63617465206D7574657820627C
:10BAB00065666F726520696E697469616C697A691F
:10BAC0006E670072302F61313A202030782530388F
:10BAD00078202072312F61323A202030782530389A
:10BAE00078202072322F61333A2020307825303888
:10BAF000780072332F61343A20203078253038783E
:10BB0000207231322F69703A202030782530387811
:10BB1000207231342F6C723A2020307825303878FA
:10BB20000020787073723A20203078253038780001
:10BB30004661756C74696E6720696E7374727563A3
:10BB400074696F6E2061646472657373202872314A
:10BB5000352F7063293A2030782530387800556EBB
:10BB600068616E646C6564204952516E3A202564A8
:10BB7000002A2A2A2A2A20425553204641554C544D
:10BB8000202A2A2A2A2A002020537461636B696EB6
:10BB900067206572726F72002020556E7374616346
:10BBA0006B696E67206572726F720020205072653B
:10BBB00063697365206461746120627573206572C6
:10BBC000726F7200202042464152204164647265C7
:10BBD00073733A2030782578002020496D707265A3
:10BBE0006369736520646174612062757320657296
:10BBF000726F72002020496E737472756374696F7E
:10BC00006E20627573206572726F72002020466C20
:10BC10006F6174696E672D706F696E74206C617AE4
:10BC200079207374617465207072657365727661D2
:10BC300074696F6E206572726F72002A2A2A2A2A2E
:10BC4000205553414745204641554C54202A2A2A25
:10BC50002A2A0020204469766973696F6E20627910
:10BC6000207A65726F002020556E616C69676E6581
:10BC700064206D656D6F7279206163636573730015
:10BC800020204E6F20636F70726F636573736F72E5
:10BC900020696E737472756374696F6E730020200F
:10BCA000496C6C6567616C206C6F6164206F662005
:10BCB0004558435F52455455524E20696E746F206B
:10BCC0005043002020496C6C6567616C207573657A
:10BCD000206F662074686520455053520020204133
:10BCE0007474656D707420746F2065786563757405
:10BCF0006520756E646566696E656420696E73742F
:10BD000072756374696F6E002A2A2A2A2A204D50A0
:10BD100055204641554C54202A2A2A2A2A00202000
:10BD2000537461636B696E67206572726F7220284D
:10BD3000636F6E746578742061726561206D6967E8
:10BD40006874206265206E6F742076616C69642966
:10BD50000020204461746120416363657373205641
:10BD6000696F6C6174696F6E0020204D4D464152C1
:10BD700020416464726573733A203078257800201E
:10BD800020496E737472756374696F6E20416363CA
:10BD90006573732056696F6C6174696F6E005265CC
:10BDA00073657276656420457863657074696F6E3B
:10BDB00020280053707572696F757320696E746501
:10BDC00072727570742028495251200053505345A7
:10BDD0004C20696E20746872656164206D6F6465C3
:10BDE00020646F6573206E6F7420696E646963618F
:10BDF000746520505350002A2A2A2A2A204841528A
:10BE000044204641554C54202A2A2A2A2A00202020
:10BE1000427573206661756C74206F6E2076656361
:10BE2000746F72207461626C6520726561640020B9
:10BE3000204465627567206576656E740020204633
:10BE400061756C7420657363616C6174696F6E20D9
:10BE5000287365652062656C6F77290041524348FD
:10BE60005F45584345505420776974682072656176
:10BE7000736F6E2025780A002A2A2A2A2A20446510
:10BE8000627567206D6F6E69746F72206578636587
:10BE90007074696F6E202A2A2A2A2A002A2A2A2ADE
:10BEA0002A20257320256429202A2A2A2A2A006D7F
:10BEB0007075004661696C656420746F20616C6CFC
:10BEC0006F63617465206E6577204D5055207265F3
:10BED00067696F6E2025750A005061727469746914
:10BEE0006F6E2025753A2073616E697479206368DE
:10BEF00065636B206661696C65642E00464C415336
:10BF0000485F30005352414D5F3000000001000097
:10BF100000736F63000601050104010702030105B8
:10BF200002020103020504010101020103010401EF
:10BF3000060108010C011001180120014001804395
:10BF4000616E6E6F742073746172742073616D70B2
:10BF50006C696E673A203078253038780046616920
:10BF60006C656420746F20696E697469616C697AAC
:10BF700065206465766963653A20257300466169CA
:10BF80006C656420746F20736574206275666665E5
:10BF9000723A202530387800496E76616C696420E9
:10BFA0006368616E6E656C2049443A2025640053D5
:10BFB000656C656374656420414443206761696E04
:10BFC000206973206E6F742076616C69640053651C
:10BFD0006C656374656420414443207265666572D4
:10BFE000656E6365206973206E6F742076616C697D
:10BFF000640053656C65637465642041444320614B
:10C0000063717569736974696F6E2074696D6520F9
:10C010006973206E6F742076616C69640043616E91
:10C020006E6F7420636F6E666967757265206368F2
:10C03000616E6E656C2025643A20256400496E7639
:10C04000616C69642073656C656374696F6E206FE1
:10C0500066206368616E6E656C73004368616E6E26
:10C06000656C202575206E6F7420636F6E6669673E
:10C0700075726564004E6F206368616E6E656C203A
:10C08000636F6E6669677572656400414443207230
:10C0900065736F6C7574696F6E2076616C75652061
:10C0A0002564206973206E6F742076616C6964006A
:10C0B0004F76657273616D706C696E67206973206D
:10C0C000737570706F7274656420666F7220736927
:10C0D0006E676C65206368616E6E656C206F6E6C58
:10C0E00079004F76657273616D706C696E6720764A
:10C0F000616C7565202564206973206E6F742076ED
:10C10000616C69640050726F766964656420627561
:10C110006666657220697320746F6F20736D616C41
:10C120006C202825752F2575290043616E6E6F746C
:10C130002073746172742073616D706C696E673AFC
:10C140002025640061646340343030303730303053
:10C15000006164635F6E7266785F7361616463003F
:10C16000636C6F636B403430303030303030006897
:10C1700066636C6B006C66636C6B00636C6F636B07
:10C180005F636F6E74726F6C006770696F403530FB
:10C19000303030333030006770696F4035303030C8
:10C1A00030303030000001020304050607496E7686
:10C1B000616C6964206368616E6E656C3A202575F8
:10C1C0002E00496E636F6D70617469626C652070DA
:10C1D0006572696F642E005072657363616C65727D
:10C1E00020666F7220706572696F645F6379636C3B
:10C1F0006573202575206E6F7420666F756E642ED2
:10C200000070776D403430303163303030007077FB
:10C210006D5F6E726678004661696C656420746F4C
:10C2200020616C6C6F6361746520505049204368D5
:10C23000616E6E656C0075617274403430303032FE
:10C2400030303000756172745F6E7266785F756150
:10C250007274650000000000000101000000000091
:10C26000002030303030303030303030303030300E
:10C27000000148616C74696E672073797374656D31
:10C2800000556E6B6E6F776E206572726F720075FF
:10C290006E6B6E6F776E003E3E3E205A4550485999
:10C2A0005220464154414C204552524F5220256461
:10C2B0003A202573206F6E20435055202564004698
:10C2C00061756C7420647572696E6720696E74653F
:10C2D00072727570742068616E646C696E670A00B2
:10C2E00043757272656E74207468726561643A2079
:10C2F00025702028257329004350552065786365F3
:10C300007074696F6E00556E68616E646C65642050
:10C31000696E7465727275707400537461636B201A
:10C320006F766572666C6F77004B65726E656C2018
:10C330006F6F7073004B65726E656C2070616E6913
:10C3400063006D61696E006F73006E616E00286E30
:10C35000756C6C2900000000000000000400002043
:10C360000400002000000000010000001400002074
:10C370001400002000000000010000000000000088
:10C3800000000000000000000000000000000000AD
:10C39000000000000000000000000000000000009D
:10C3A000000000000000000000000000000000008D
:10C3B000000000000000000000000000000000007D
:10C3C000000000000000000000000000000000006D
:10C3D000000000000000000000000000000000005D
:10C3E000000000000000000000000000000000004D
:10C3F000000000000000000000000000000000003D
:10C40000D815002002000000000000000000984144
:10C41000EF940000B19B000080B30000000000001A
:10C42000880200203A0000009C0200203A00000030
:10C43000600200203A000000B00200203A00000034
:10C4400000000000139F000000000000000000003A
:10C45000FF000000FFFF0F00900200000401002019
:10C460000401002000000000097B000050010020B2
:10C470004801002040010020000000003801002099
:10C48000257C0000717B0000A57B0000ED7B000097
:10C49000041400203A00003A081400203A00003A40
:10C4A0000C1400203A00003A101400203A00003A20
:10C4B00060010020240100201C0100201801002040
:10C4C0001401002001000000000000000000000036
:10C4D000000000000000000000000000000000005C
:10C4E000000000000000000000000000000000004C
:10C4F000000000000000000000000000000000003C
:10C50000000000000000000000000000000000002B
:10C510000000000000000000297900000000000079
:10C520000000000000000000D0010020D001002029
:10C5300000000000000000000000000000000000FB
:10C5400000000000000000000000000000000000EB
:10C550002979000000000000000000000000000039
:10C560000802002008020020000000000000000077
:10C5700000000000000000000000000000000000BB
:10C580000000000000000000297900000000000009
:10C5900000000000000000004002002040020020D7
:10C5A000000000000000000000000000000000008B
:10C5B0000000000000000000600200206002002077
:10C5C00000000000000000000E00000074020020C7
:10C5D0007402002000000000000000000E000000B7
:10C5E00088020020880200200000000000000000F7
:10C5F0000E0000009C0200209C02002000000000B1
:10C60000000000000E000000B0020020B002002078
:10C6100000000000000000000E000000C402002026
:10C62000C40200200000000001000000D40200202D
:10C63000D40200200000000001000000E4020020FD
:10C64000E4020020000000000100000015E015E0F9
:00000001FF
