:10000000C0310020B52100008F810000A121000037
:10001000A1210000A1210000A1210000000000009A
:100020000000000000000000000000001D23000090
:10003000A121000000000000BD220000A12100005D
:10004000B1240000B1240000B1240000B12400005C
:10005000B1240000B1240000B1240000B12400004C
:10006000B1240000B1240000B1240000B12400003C
:10007000B1240000B1240000B1240000B12400002C
:10008000B1240000B1240000B1240000B12400001C
:10009000B1240000B1240000B1240000B12400000C
:1000A000B1240000B1240000B1240000B1240000FC
:1000B000B1240000B1240000B1240000B1240000EC
:1000C000B1240000B1240000B1240000B1240000DC
:1000D000B1240000B1240000B1240000B1240000CC
:1000E000B1240000B1240000B1240000B1240000BC
:1000F000B1240000B1240000B1240000B1240000AC
:1001000081F0004102E000BF83F0004330B54FEAC8
:1001100041044FEA430594EA050F08BF90EA020F35
:100120001FBF54EA000C55EA020C7FEA645C7FEAC8
:10013000655C00F0E2804FEA5454D4EB5555B8BFEB
:100140006D420CDD2C4480EA020281EA030382EA5C
:10015000000083EA010180EA020281EA0303362DEE
:1001600088BF30BD11F0004F4FEA01314FF4801CC1
:100170004CEA113102D0404261EB410113F0004FD3
:100180004FEA03334CEA133302D0524263EB43038A
:1001900094EA050F00F0A780A4F10104D5F1200E28
:1001A0000DDB02FA0EFC22FA05F2801841F1000183
:1001B00003FA0EF2801843FA05F359410EE0A5F157
:1001C00020050EF1200E012A03FA0EFC28BF4CF088
:1001D000020C43FA05F3C01851EBE37101F000453E
:1001E00007D54FF0000EDCF1000C7EEB00006EEB4B
:1001F0000101B1F5801F1BD3B1F5001F0CD34908D5
:100200005FEA30004FEA3C0C04F101044FEA44522B
:1002100012F5800F80F09A80BCF1004F08BF5FEAB2
:10022000500C50F1000041EB045141EA050130BD92
:100230005FEA4C0C404141EB0101013C28BFB1F5A4
:10024000801FE9D291F0000F04BF01460020B1FAEF
:1002500081F308BF2033A3F10B03B3F120020CDAC2
:100260000C3208DD02F1140CC2F10C0201FA0CF0A0
:1002700021FA02F10CE002F11402D8BFC2F1200C05
:1002800001FA02F120FA0CFCDCBF41EA0C019040BB
:10029000E41AA2BF01EB0451294330BD6FEA040404
:1002A0001F3C1CDA0C340EDC04F11404C4F12002EF
:1002B00020FA04F001FA02F340EA030021FA04F301
:1002C00045EA030130BDC4F10C04C4F1200220FA58
:1002D00002F001FA04F340EA0300294630BD21FA96
:1002E00004F0294630BD94F0000F83F4801306BF5C
:1002F00081F480110134013D4EE77FEA645C18BF50
:100300007FEA655C29D094EA050F08BF90EA020FE6
:1003100005D054EA000C04BF1946104630BD91EADE
:10032000030F1EBF0021002030BD5FEA545C05D1E1
:100330004000494128BF41F0004130BD14F5800420
:100340003CBF01F5801130BD01F0004545F0FE4194
:1003500041F470014FF0000030BD7FEA645C1ABFC9
:10036000194610467FEA655C1CBF0B46024650EA00
:10037000013406BF52EA033591EA030F41F400212C
:1003800030BD00BF90F0000F04BF0021704730B5B2
:100390004FF4806404F132044FF000054FF0000187
:1003A00050E700BF90F0000F04BF0021704730B548
:1003B0004FF4806404F1320410F0004548BF40421D
:1003C0004FF000013EE700BF42004FEAE2014FEA72
:1003D00031014FEA02701FBF12F07F4393F07F4F4D
:1003E00081F06051704732F07F4208BF704793F050
:1003F0007F4F04BF41F40021704730B54FF4607463
:1004000001F0004521F000411CE700BF50EA010265
:1004100008BF704730B54FF000050AE050EA01020E
:1004200008BF704730B511F0004502D5404261EB7E
:1004300041014FF4806404F132045FEA915C3FF4BF
:10044000D8AE4FF003025FEADC0C18BF03325FEA5C
:10045000DC0C18BF033202EBDC02C2F1200300FA0D
:1004600003FC20FA02F001FA03FE40EA0E0021FA32
:1004700002F11444BDE600BF70B54FF0FF0C4CF420
:10048000E06C1CEA11541DBF1CEA135594EA0C0FD2
:1004900095EA0C0F00F0DEF82C4481EA030621EA0D
:1004A0004C5123EA4C5350EA013518BF52EA033548
:1004B00041F4801143F4801338D0A0FB02CE4FF0FA
:1004C0000005E1FB02E506F00042E0FB03E54FF02A
:1004D0000006E1FB03569CF0000F18BF4EF0010E22
:1004E000A4F1FF04B6F5007F64F5407404D25FEA1E
:1004F0004E0E6D4146EB060642EAC62141EA5551D1
:100500004FEAC52040EA5E504FEACE2EB4F1FD0C12
:1005100088BFBCF5E06F1ED8BEF1004F08BF5FEA90
:10052000500E50F1000041EB045170BD06F0004642
:1005300046EA010140EA020081EA0301B4EB5C04EF
:10054000C2BFD4EB0C0541EA045170BD41F48011E7
:100550004FF0000E013C00F3AB8014F1360FDEBF0C
:10056000002001F0004170BDC4F10004203C35DAE8
:100570000C341BDC04F11404C4F1200500FA05F36B
:1005800020FA04F001FA05F240EA020001F000420C
:1005900021F0004110EBD37021FA04F642EB060182
:1005A0005EEA430E08BF20EAD37070BDC4F10C04AC
:1005B000C4F1200500FA04F320FA05F001FA04F270
:1005C00040EA020001F0004110EBD37041F100015C
:1005D0005EEA430E08BF20EAD37070BDC4F1200567
:1005E00000FA05F24EEA020E20FA04F301FA05F2CF
:1005F00043EA020321FA04F001F0004121FA04F277
:1006000020EA020000EBD3705EEA430E08BF20EA46
:10061000D37070BD94F0000F0FD101F00046400080
:1006200041EB010111F4801F08BF013CF7D041EA02
:10063000060195F0000F18BF704703F00046520006
:1006400043EB030313F4801F08BF013DF7D043EAD7
:100650000603704794EA0C0F0CEA135518BF95EA8D
:100660000C0F0CD050EA410618BF52EA4306D1D114
:1006700081EA030101F000414FF0000070BD50EA33
:10068000410606BF1046194652EA430619D094EABD
:100690000C0F02D150EA013613D195EA0C0F05D1A7
:1006A00052EA03361CBF104619460AD181EA0301FB
:1006B00001F0004141F0FE4141F470014FF00000B3
:1006C00070BD41F0FE4141F4780170BD70B54FF04E
:1006D000FF0C4CF4E06C1CEA11541DBF1CEA1355CE
:1006E00094EA0C0F95EA0C0F00F0A7F8A4EB0504B0
:1006F00081EA030E52EA03354FEA013100F08880A7
:100700004FEA03334FF0805545EA131343EA12636F
:100710004FEA022245EA111545EA10654FEA002624
:100720000EF000419D4208BF964244F1FD0404F5DD
:10073000407402D25B084FEA3202B61A65EB030539
:100740005B084FEA32024FF480104FF4002CB6EBF6
:10075000020E75EB030E22BFB61A754640EA0C0076
:100760005B084FEA3202B6EB020E75EB030E22BFB6
:10077000B61A754640EA5C005B084FEA3202B6EBF7
:10078000020E75EB030E22BFB61A754640EA9C00B6
:100790005B084FEA3202B6EB020E75EB030E22BF86
:1007A000B61A754640EADC0055EA060E18D04FEA44
:1007B000051545EA16754FEA06164FEAC30343EAE4
:1007C00052734FEAC2025FEA1C1CC0D111F4801FB1
:1007D0000BD141EA00014FF000004FF0004CB6E7AA
:1007E00011F4801F04BF01430020B4F1FD0C88BF49
:1007F000BCF5E06F3FF6AFAEB5EB030C04BFB6EB54
:10080000020C5FEA500C50F1000041EB045170BD46
:100810000EF0004E4EEA113114EB5C04C2BFD4EB73
:100820000C0541EA045170BD41F480114FF0000EF7
:10083000013C90E645EA060E8DE60CEA135594EA73
:100840000C0F08BF95EA0C0F3FF43BAF94EA0C0F76
:100850000AD150EA01347FF434AF95EA0C0F7FF4EB
:1008600025AF104619462CE795EA0C0F06D152EA3F
:1008700003353FF4FDAE1046194622E750EA410623
:1008800018BF52EA43067FF4C5AE50EA41047FF434
:100890000DAF52EA43057FF4EBAE12E74FEA410297
:1008A000B2F1E04324BFB3F5001CDCF1FE5C0DD9CE
:1008B00001F0004C4FEAC0024CEA5070B2F1004F18
:1008C00040EB830008BF20F00100704711F0804F1B
:1008D00021D113F13872BCBF01F00040704741F4E0
:1008E00080114FEA5252C2F11802C2F1200C10FAE4
:1008F0000CF320FA02F018BF40F001004FEAC123C8
:100900004FEAD32303FA0CFC40EA0C0023FA02F36B
:100910004FEA4303CCE77FEA625307D150EA013341
:100920001EBF4FF0FE4040F44000704701F0004011
:1009300040F0FE4040F40000704700BF80F00040EF
:1009400002E000BF81F0004142001FBF5FEA4103A7
:1009500092EA030F7FEA226C7FEA236C6AD04FEAA7
:100960001262D2EB1363C1BFD218414048404140EC
:10097000B8BF5B42192B88BF704710F0004F40F49E
:10098000000020F07F4018BF404211F0004F41F4BA
:10099000000121F07F4118BF494292EA030F3FD086
:1009A000A2F1010241FA03FC10EB0C00C3F1200399
:1009B00001FA03F100F0004302D5494260EB400028
:1009C000B0F5000F13D3B0F1807F06D340084FEA93
:1009D000310102F10102FE2A51D2B1F1004F40EB88
:1009E000C25008BF20F0010040EA030070474900F0
:1009F00040EB0000013A28BFB0F5000FEDD2B0FA8D
:100A000080FCACF1080CB2EB0C0200FA0CF0AABFAF
:100A100000EBC25052421843BCBFD040184370474D
:100A200092F0000F81F4000106BF80F40000013253
:100A3000013BB5E74FEA41037FEA226C18BF7FEA2A
:100A4000236C21D092EA030F04D092F0000F08BF6C
:100A50000846704790EA010F1CBF0020704712F053
:100A60007F4F04D1400028BF40F00040704712F192
:100A700000723CBF00F50000704700F0004343F0F7
:100A8000FE4040F4000070477FEA226216BF08462D
:100A90007FEA23630146420206BF5FEA412390EAF0
:100AA000010F40F4800070474FF0000304E000BFE6
:100AB00010F0004348BF40425FEA000C08BF704797
:100AC00043F0964301464FF000001CE050EA01025B
:100AD00008BF70474FF000030AE000BF50EA010270
:100AE00008BF704711F0004302D5404261EB41015D
:100AF0005FEA010C02BF84460146002043F0B64382
:100B000008BFA3F18053A3F50003BCFA8CF2083AA6
:100B1000A3EBC25310DB01FA02FC634400FA02FCAF
:100B2000C2F12002BCF1004F20FA02F243EB0200B6
:100B300008BF20F00100704702F1200201FA02FC18
:100B4000C2F1200250EA4C0021FA02F243EB02000B
:100B500008BF20EADC7070474FF0FF0C1CEAD0524F
:100B60001EBF1CEAD15392EA0C0F93EA0C0F6FD010
:100B70001A4480EA010C400218BF5FEA41211ED0EE
:100B80004FF0006343EA501043EA5111A0FB0131DA
:100B90000CF00040B1F5000F3EBF490041EAD371AF
:100BA0005B0040EA010062F17F02FD2A1DD8B3F12B
:100BB000004F40EBC25008BF20F00100704790F09A
:100BC000000F0CF0004C08BF49024CEA502040EAEC
:100BD00051207F3AC2BFD2F1FF0340EAC2507047B2
:100BE00040F400004FF00003013A5DDC12F1190FF0
:100BF000DCBF00F000407047C2F10002410021FA62
:100C000002F1C2F1200200FA02FC5FEA310040F179
:100C1000000053EA4C0308BF20EADC70704792F0F2
:100C2000000F00F0004C02BF400010F4000F013A2A
:100C3000F9D040EA0C0093F0000F01F0004C02BF25
:100C4000490011F4000F013BF9D041EA0C018FE794
:100C50000CEAD15392EA0C0F18BF93EA0C0F0AD09A
:100C600030F0004C18BF31F0004CD8D180EA0100C0
:100C700000F00040704790F0000F17BF90F0004F59
:100C8000084691F0000F91F0004F14D092EA0C0F3B
:100C900001D142020FD193EA0C0F03D14B0218BFCE
:100CA000084608D180EA010000F0004040F0FE4014
:100CB00040F40000704740F0FE4040F440007047B0
:100CC0004FF0FF0C1CEAD0521EBF1CEAD15392EA2F
:100CD0000C0F93EA0C0F69D0A2EB030280EA010C1F
:100CE00049024FEA402037D04FF0805343EA1111B8
:100CF00043EA10130CF000408B4238BF5B0042F116
:100D00007D024FF4000C8B4224BF5B1A40EA0C00BA
:100D1000B3EB510F24BFA3EB510340EA5C00B3EBEC
:100D2000910F24BFA3EB910340EA9C00B3EBD10FDA
:100D300024BFA3EBD10340EADC001B0118BF5FEA2C
:100D40001C1CE0D1FD2A3FF650AF8B4240EBC25055
:100D500008BF20F0010070470CF0004C4CEA502016
:100D60007F32C2BFD2F1FF0340EAC250704740F465
:100D700000004FF00003013A37E792F0000F00F057
:100D8000004C02BF400010F4000F013AF9D040EAD5
:100D90000C0093F0000F01F0004C02BF490011F469
:100DA000000F013BF9D041EA0C0195E70CEAD15361
:100DB00092EA0C0F08D142027FF47DAF93EA0C0F48
:100DC0007FF470AF084676E793EA0C0F04D14B022C
:100DD0003FF44CAF08466EE730F0004C18BF31F0DE
:100DE000004CCAD130F000427FF45CAF31F00043D8
:100DF0007FF43CAF5FE700BF4FF0FF3C06E000BF71
:100E00004FF0010C02E000BF4FF0010C4DF804CD93
:100E10004FEA40024FEA41037FEA226C18BF7FEAA3
:100E2000236C11D001B052EA530C18BF90EA010FA5
:100E300058BFB2EB030088BFC81738BF6FEAE17034
:100E400018BF40F0010070477FEA226C02D15FEAD0
:100E5000402C05D17FEA236CE4D15FEA412CE1D03C
:100E60005DF8040B704700BF844608466146FFE703
:100E70000FB5FFF7C9FF002848BF10F1000F0FBDE5
:100E80004DF808EDFFF7F4FF0CBF012000205DF8DE
:100E900008FB00BF4DF808EDFFF7EAFF34BF012063
:100EA00000205DF808FB00BF4DF808EDFFF7E0FFFC
:100EB00094BF012000205DF808FB00BF4DF808ED4D
:100EC000FFF7D2FF94BF012000205DF808FB00BFB0
:100ED0004DF808EDFFF7C8FF34BF012000205DF892
:100EE00008FB00BF4FEA4002B2F1FE4F0FD34FF0B4
:100EF0009E03B3EB12620DD94FEA002343F0004387
:100F000010F0004F23FA02F018BF404270474FF034
:100F10000000704712F1610F01D1420205D110F0BB
:100F2000004008BF6FF0004070474FF0000070476E
:100F300053B94AB9002908BF00281CBF4FF0FF3140
:100F40004FF0FF3000F00CB8ADF1080C6DE904CEA5
:100F500000F008F8DDF804E0DDE9022304B0704792
:100F6000704700BF2DE9F04786468C460846089E2C
:100F7000154674461946002B40F0C2808542B2FAED
:100F800082F245D94AB1C2F1200300FA02FC2EFADE
:100F900003F3954043EA0C0C94404FEA154EA8B277
:100FA000BCFBFEF8230C0EFB18CC08FB00F943EA4F
:100FB0000C43994528D9EB1808F1FF3704D299451D
:100FC00002D9A8F102072B44A3EB0903A4B2B3FB97
:100FD000FEFC0EFB1C330CFB00F044EA0344A04271
:100FE00014D92C190CF1FF3304D2A04202D9ACF170
:100FF00002032C44241A43EA07401EB1D4400023C4
:1010000034607360BDE8F0874746DDE76346F1E78B
:1010100092BB431B01214FEA154EAFB2B3FBFEFC5E
:10102000200C0EFB1C330CFB07F840EA03439845E9
:1010300062D9EB180CF1FF3004D2984502D9ACF11B
:1010400002002B44A3EB0803A4B2B3FBFEFC0EFB8F
:101050001C330CFB07F744EA0344A7424ED92C1972
:101060000CF1FF3304D2A74202D9ACF102032C44A5
:10107000E41B43EA0040C0E7C2F1200320FA03F179
:10108000954090402EFA03F303434FEA154EAFB25A
:10109000B1FBFEFC0EFB1C10190C0CFB07F841EA1F
:1010A0000041884504FA02F422D969180CF1FF3096
:1010B00004D2884502D9ACF102002944A1EB080111
:1010C0009BB2B1FBFEFC0EFB1C110CFB07F743EAC5
:1010D00001439F420ED9EB180CF1FF3104D29F421D
:1010E00002D9ACF102012B44DB1B41EA004192E73B
:1010F0006046E3E76146F7E76046A3E76346B7E784
:10110000834206D916B9002108467BE7C6E900E00C
:10111000F9E7B3FA83F78FB9834201D3724508D850
:10112000BEEB020460EB030301209C461EB90021C4
:1011300068E73846FAE7C6E9004CF8E7C7F1200C43
:10114000BB4022FA0CF41C432EFA0CF120FA0CF3EB
:10115000B84001434FEA14490EFA07F5B3FBF9F81A
:101160001FFA84FE09FB18300B0C08FB0EFA43EA49
:1011700000439A4502FA07F240D9E31808F1FF301C
:1011800004D29A4502D9A8F102002344A3EB0A0332
:1011900089B2B3FBF9F809FB183308FB0EFE41EAEC
:1011A00003418E452CD9611808F1FF3304D28E45D6
:1011B00002D9A8F10203214443EA0040A0FB0298AF
:1011C000A1EB0E014145CE46434602D306D14D4523
:1011D00004D2B9EB020E68EB04030138002EA6D04E
:1011E000B5EB0E0261EB030101FA0CFC22FA07F3E6
:1011F0004CEA0303F940C6E9003198E74046C5E7E9
:101200004346D9E7000000002DE9F04F89B0059072
:101210002D4FBB68039300215B6806AA38469847A8
:10122000011E1ADBDDE9064B284EDFF8A490A4FB73
:101230000623049206FB0B38049821A3D3E900236C
:101240004146FFF775FE049B4FF0FF3A9A4579EB54
:101250000803054607D26FF085011E4809B0BDE8B6
:10126000F04F06F0A4BE059B642B28BF6423734394
:101270006422B3FBF2F3A3FB046403FB0B4421469B
:101280000FA3D3E900233046FFF752FEB24579EBB6
:1012900004040346DFD3854202D26FF01501DCE778
:1012A00000220092039A0021146838462A46A0477B
:1012B00001460028D1D109B0BDE8F08FAFF300801E
:1012C00000CA9A3B0000000098900000002D3101F8
:1012D000FFC99A3B0799000010B50A4C204607F059
:1012E000A5FA30B90848216806F061FE4FF0FF30DA
:1012F00010BD0020FFF788FF044806F058FE0020CC
:10130000F6E700BF989000001A9900003C99000091
:1013100008B50B4807F08AFA10B90A4806F047FEEC
:101320000748094983681B689847011E02DA074885
:1013300006F03DFE064B01225A600C221A8208BDBF
:10134000789000004F990000FE9500006899000019
:10135000A0000020F7B5FFF7DBFF174B174F9D6884
:10136000002617496B6814489847011E05DA15488E
:1013700003B0BDE8F04006F01ABE134BB3F90040CD
:101380002B8901A963430020019301F04BFA08B9AE
:10139000019C2413A4F5FA70FFF704F832463B468B
:1013A000FFF794F9FFF77AFA00F07AFA002140F695
:1013B000CD4007F07CFBD4E778900000000024408B
:1013C000A000002085990000B80E00202DE9F84308
:1013D000FFF782FF394B3A4A3A493B4800F07AF826
:1013E00007F0CFFB4FF47A72A0FB024302FB0133FC
:1013F000E40B44EA4344DFF8C48014444FF07C56C5
:101400004FF07E5700F05CFA304BDFF8C4901A784A
:101410000546002A3AD00022C9F800001A70284672
:1014200000F0DEF900F02CFA814600F0C9F901461F
:10143000B9F1000F35D14846FFF7E6FE484600F007
:10144000EFF91F4A1F492048434600F043F807F0D0
:1014500098FB4FF47A72A0FB025302FB0133ED0BB1
:1014600045EA4345651B002D0DDD4FF4004C40F26D
:10147000E73000214FF47A720023E5FB0C01FFF7FF
:1014800057FD07F014FB04F57A74BBE7D9F8001098
:10149000FFF75AFA3146FFF75FFBC9F800500546DF
:1014A000BDE72A463B46084806F0EEFB0546C0B2BB
:1014B000FFF7AAFE284600F0B3F9C8E70000204273
:1014C000000070420000F0419C05002060010020F7
:1014D0009805002083600023C36003614361024BD1
:1014E00001604260836170470000C84208B506F0A1
:1014F00021FC0A4A1368C31AC72B0DDD106000F0E7
:10150000BFF948B100F05CF94FF07E51FFF71CFACB
:10151000BDE8084000F032B908BD00BFBC0500209E
:1015200008B506F007FC0A4A1368C31AC72B0DDD7D
:10153000106000F0A5F948B100F042F94FF07E517B
:10154000FFF700FABDE8084000F018B908BD00BF79
:10155000B8050020014603488368DB690BB101220E
:10156000184770473890000010B506F0E3FB0A4AB0
:101570001368C31AC72B0EDD106000F081F980F0EC
:101580000104E4B2204600F06BF921460348BDE8AF
:10159000104006F0F6BB10BDC005002024960000E8
:1015A00008B5274807F042F9002845D04FF48031AC
:1015B000244806F0FAFB234806F0CAFB4FF48031BA
:1015C000214806F0F2FB204806F0C2FB4FF48031C0
:1015D0001E4806F0EAFB1D4806F0BAFB1C484FF413
:1015E000B01106F0E2FB1B484FF4B01106F0DDFB32
:1015F00019484FF4B01106F0D8FB4FF4B01117485A
:1016000006F0D3FB1648174B43604FF4006383602A
:10161000FFF7A0FF1448154B43604FF480538360DD
:10162000FFF798FF1248134B43604FF0007383603D
:10163000FFF790FF002008BD4FF0FF30FBE700BF31
:10164000389000003C960000349600002C96000074
:10165000249600001C960000149600000C960000D2
:10166000DC05002069150000D0050020ED14000005
:10167000C4050020211500002DE9F047FFF790FF79
:1016800010B1314806F093FC06F054FBDFF8BC8043
:10169000DFF8BC902F4F054615F57A7400F0F0F88E
:1016A0002546064648B901462B4806F06AFB3146F6
:1016B000384606F066FB314617E000F081F8064632
:1016C00000F09EF801463046FFF73CF941460646D9
:1016D000FFF7FEFB8246F8B10121384606F051FBC8
:1016E00000211D4806F04DFB00211C4806F049FB77
:1016F00006F020FB241A002CCEDD4FF4004640F209
:10170000E73000214FF47A720023E4FB0601FFF773
:101710000FFC07F0CCF9BFE730464946FFF7BAFBAC
:10172000064648B15146384606F02BFB51460A485A
:1017300006F027FB0121D8E70146384606F021FBD9
:1017400005480121B5E700BF9A9900000000A040BC
:101750000000A0C0149600001C9600000C9600002B
:1017600002460B46014804F075B800BF8401002012
:10177000014804F0E7B800BF8401002010B54FF025
:10178000FF3104464FF0FF30FFF7EAFF09492046DA
:10179000FFF79EFB50B908492046FFF77BFB38B99D
:1017A000064B1C60BDE81040FFF7E2BF014CF7E7B5
:1017B000014CF5E7000070420000A041B400002099
:1017C00010B54FF0FF304FF0FF31FFF7C9FF034B6B
:1017D0001C68FFF7CDFF204610BD00BFB4000020FD
:1017E00010B54FF0FF3104464FF0FF30FFF7B8FF60
:1017F000024B1C60BDE81040FFF7BABFF0050020A7
:1018000010B54FF0FF304FF0FF31FFF7A9FF034B4A
:101810001C68FFF7ADFF204610BD00BFF00500209B
:1018200010B54FF0FF3104464FF0FF30FFF798FF3F
:10183000024B1C60BDE81040FFF79ABFE80500208E
:1018400010B54FF0FF304FF0FF31FFF789FF034B2A
:101850001C68FFF78DFF204610BD00BFE805002083
:1018600010B54FF0FF3104464FF0FF30FFF778FF1F
:10187000024B1C70BDE81040FFF77ABFC20E00207B
:1018800010B54FF0FF304FF0FF31FFF769FF034B0A
:101890001C78FFF76DFF204610BD00BFC20E002070
:1018A00010B54FF0FF3104464FF0FF30FFF758FFFF
:1018B000024B1C60BDE81040FFF75ABFEC0500204A
:1018C00010B54FF0FF304FF0FF31FFF749FF034BEA
:1018D0001C68FFF74DFF204610BD00BFEC0500203F
:1018E0002DE9F04F3A4887B006F061FB394806F021
:1018F0005EFB07F046F94FF47A72A0FB020302FB8D
:101900000133C00BDFF8D080DFF8D090DFF8D0A033
:1019100040EA4345FFF7B4FF0646FFF751FF044690
:10192000FFF76EFF8346FFF78BFF05F57A750746D5
:1019300006B32C492C4806F03AFB2046FEF744FD3E
:1019400002460B465846CDE904230297FEF73CFDBC
:10195000DDE90423CDE90001244806F028FB5946BF
:101960002046FEF7EFFF49460446FFF7B1FA28B3D9
:101970001F4804E01C48414606F019FB1D4806F0CC
:1019800016FB07F0FEF84FF47A72A0FB024302FB4D
:101990000133E40B44EA43442C1B002CBADD4FF422
:1019A000004640F2E73000214FF47A720023E4FB56
:1019B0000601FFF7BDFA07F07AF8ABE7514620467B
:1019C000FFF768FA08B10C48D9E70C48D7E700BF21
:1019D000B2990000C7990000299A00000000A040B9
:1019E0000000A0C0EF990000F3990000019A0000E8
:1019F000389A00002D9A0000469A0000549A000080
:101A0000014B1B68184700BFB8000020014B18604D
:101A1000704700BFB800002030B585B004460D46C1
:101A200010220021684607F0E4F802238DF8023006
:101A30002A46044B01932146684605F0BFF805B0DD
:101A400030BD00BF011A000080B505460E4617469E
:101A5000984604F001FB034607F090FADFF818906F
:101A6000044649F80030424630463946A84754F803
:101A7000090000F00DFC00BF080000002DE9F04750
:101A8000058B04462807904611D4022905F0070566
:101A900040F0CC80204606F097FA78B10138218BCF
:101AA000042811D8DFE800F0C2106D8595000129E7
:101AB0000CBF45F0100545F02005258388F31188FB
:101AC000BFF36F8FBDE8F08701F0070AAA4500F069
:101AD000A5800027B9463E46A368002B00F0BC80D5
:101AE00041F00801218388F31188BFF36F8FA1684B
:101AF000002900F0BA800D68002900F0B680D1F806
:101B00000480334652462046C047002D76D02B68CD
:101B100029461D46F0E701F007035A1F012A1BD88A
:101B2000002221F00701062B276889B2C4E90022B0
:101B300009D13B4603E0628B013262831B68002BB4
:101B4000F9D141F002012183204606F03DFA002838
:101B50007AD041F0200176E0042B0AD121F0070170
:101B600089B22183204606F02FFA10B141F02001FE
:101B70002183218B01F0070AAA454FD00027B946DF
:101B8000AAE7236921F0070141F00601062DD3F8E9
:101B9000009021832DD1B9F1000F3FD041F0080111
:101BA000218388F31188BFF36F8F3A492046C847D5
:101BB00029E021F00701236941F0040189B2042DD5
:101BC000D3F804902183E6D000273E464FF0040A64
:101BD00082E721F00701236941F0050189B2052D53
:101BE000D3F808902183D6D000273E464FF0050A4F
:101BF00072E700273E464FF0060A6DE72B4687E75F
:101C0000B9F1000FD1D1EFF31188202383F31288AB
:101C1000BFF36F8F238B23F008032383258BEA0602
:101C20002ED525F01003238305F007056669218B67
:101C3000002EBFF670AF00232768C4E9003321F0FF
:101C4000070141F001012183218B01F0070AAA4518
:101C50004FF000097FF440AF002F9CD041F0080105
:101C6000218388F31188BFF36F8F002FC8D03D68A0
:101C7000394633465246204606F0D2F92F46F4E75D
:101C8000AB067FF51BAF25F02003238305F0070586
:101C900000E700BF4D800000014B0360002070474B
:101CA0004496000008B5044806F081F9BDE80840F4
:101CB000024806F07CB900BF619A0000969A0000C5
:101CC000014804F037BD00BF4496000038B5044613
:101CD00018B90F4B0F485B6898476168B1F5683FCA
:101CE00010D0B1F5680F0DD00B4DA9420AD011F4F8
:101CF0006861206807D00146084806F0F0FD00231F
:101D00002360656038BD142206F073FFF9E700BF59
:101D100000010020C49A00002C5F5CA9F40A002096
:101D200008B520B34368B3F5683F10D101220368BA
:101D3000BFF35B8F53E8001F002903D143E8002065
:101D40000028F7D1BFF35B8F0DD1002008BD094AF1
:101D500093420AD000684FF0FF324FF0FF3303F098
:101D600079FD0028F1D00448F0E70448EEE76FF46D
:101D7000E040EBE72C5F5CA9E98FFFFFEA8FFFFFF4
:101D800008B5D8B14368B3F5683F10D100220368A5
:101D9000BFF35B8F53E8001F012903D143E8002004
:101DA0000028F7D1BFF35B8F0BD1002008BD074A95
:101DB000934208D0006803F0C5FDF6E76FF4E040F9
:101DC000F4E70348F2E70348F0E700BF2C5F5CA9A3
:101DD000E98FFFFFEA8FFFFF10B5044618B91D4BCE
:101DE0001D485B6898476368B3F5683F2FD0B3F52B
:101DF000680F2CD0194A934219D1236803BB1848A5
:101E00004FF0FF324FF0FF33214603F0F5FC08B9E5
:101E100023681BB90F4B13485B689847206814224E
:101E2000002106F0E6FE4FF46863636008E0B3F556
:101E3000683F0DD83A2B03D040F6BA629342DED108
:101E4000206806F096FD636843F03A03636010BDB6
:101E5000054AF3E700010020C49A00002C5F5CA94A
:101E6000F40A0020EA9A00003A00003A08B5064950
:101E700006484023142206F024FDBDE8084004492A
:101E8000044804F0C9BC00BFF4050020F40A002097
:101E90004C9600006096000030BFFFF7FDBF00BF0A
:101EA0002DE9F0410B4EDFF8308006EB0807CC1B24
:101EB000054632460949204606F08DFEA0194246E5
:101EC0000021083C06F095FE2C6707F10800BDE8EC
:101ED000F08100BF000000000400000058930000E3
:101EE000054B5A699B689A421FBF044A536843F0E6
:101EF00080535360704700BFB40C002000ED00E039
:101F000070B5264B15469A6A12F0100F9A6A14BFE4
:101F10001124102412F0080F9A6A18BF1224920795
:101F200006460AD5586B9A6A140634D519B19A6ACE
:101F300022F080029A62132401E06FF01500174B23
:101F40009A6A12F0010F9A6A18BF142412F0200F37
:101F50009A6A18BF1524D20602D49B6A9B070AD539
:101F60000E4B5B68190506D5314600F05BFA10B1DF
:101F700080F309880224094B9A6A920642BF5A6A82
:101F800022F400525A629A6A42F0FF029A620023D7
:101F90002B70204670BD6FF01500CCE700ED00E01F
:101FA000134B9A6A12F0007F9A6A14BF1E201D20FC
:101FB00012F0807F9A6A18BF1F2012F4002F9A6ACD
:101FC00018BF212012F4802F9A6A18BF222012F421
:101FD000003F9A6A18BF232012F4803F9A6A6FEA82
:101FE00002426FEA12429A6218BF2420704700BF73
:101FF00000ED00E010B5194B0246986A9C6A10F497
:10200000805F14BF1720162014F4006F9C6A18BF5D
:102010001820A40509D5986B986A000404D51AB154
:102020009A6A22F400429A6219200C4B9A6A12F4BE
:10203000806F9A6A18BF1A20D2050CD49B6A13F4D9
:10204000005F18BF1C20054A936A43F47F439362E4
:1020500000230B7010BD1B20F5E700BF00ED00E072
:10206000F0B5484B5B688BB00446C3F3080300250A
:1020700085F31188BFF36F8F02F07F40B0F17F4F7F
:1020800011D102F00C0008280DD010074CBF0C46EF
:1020900001250022033B8DF80720032B05D8DFE83C
:1020A00003F0246367602C46F3E700239DF80720C4
:1020B000CAB902AE04F1200720686168324603C243
:1020C0000834BC421646F7D1099A002D54D0C2F309
:1020D000080121B96FEA52226FEA4222099202A94D
:1020E000184606F04AF80BB0F0BD264BDA6A9107A5
:1020F000DBD4DA6A002AD8DBDA6A5200D5D55A690D
:10210000A16942F480725A61BFF34F8FBFF36F8FA2
:102110005A6931F8021C22F480725A61BFF34F8F62
:10212000BFF36F8F4DF6027291420AD09A6AD2B213
:102130004AB10DF1070201212046FFF7E1FE0346F7
:10214000B4E72368B2E79A6A12F47F4F05D00DF125
:1021500007010120FFF74EFFF1E79B6AB3F5803FCF
:10216000A3D3FFF71DFFEAE70DF107020021E3E724
:102170000DF107010020EDE722F4FF7222F00102C9
:10218000ACE700BF00ED00E0044B5A6942F01002DA
:102190005A615A6922F008025A61704700ED00E066
:1021A000EFF30880EFF3098101B57246FFF758FF9E
:1021B00001BD00BF002080F31488BFF36F8F0F486C
:1021C00080F3088801F0ACFD00200D490860BFF3E2
:1021D0004F8F00F02BF8202080F3118809484FF42E
:1021E0000461401880F30988EFF31480022108434A
:1021F00080F31488BFF36F8F00F0E4F8C031002043
:1022000094ED00E0002400200749D1F8902000233D
:10221000C2F307221846934200DB7047C1F898309A
:10222000C1F8A0000133F6E700ED00E008B572B692
:10223000002383F31388FFF7E7FF144B4FF0FF32BF
:10224000C3F88020C3F88420C3F88820C3F88C200A
:10225000C3F89020C3F89420C3F89820C3F89C20BA
:10226000C3F88021C3F88421C3F88821C3F88C21E6
:10227000C3F89021C3F89421C3F89821C3F89C2196
:1022800062B6BFF34F8FBFF36F8F08BD00E100E070
:10229000084B9B6883420BD1EFF3058343B1064B98
:1022A0005A6842F080525A605A6A22F400425A62D6
:1022B00003F0D8BEB40C002000ED00E014498A6899
:1022C0004FF030001044EFF3098C80E8F01F20201D
:1022D00080F31288BFF36F8F0E4F4FF000664A698C
:1022E0008A603E60106F0C4C2060506F0023536773
:1022F00080F3118804B5104600F0F8F8BDE80440FA
:1023000002F1300090E8F01F8CF30988704700005C
:10231000B40C002004ED00E0100B00201EF0040FB0
:102320000CBFEFF30880EFF30980816911F8021CFC
:102330000229FFD001B5724605F025FF01BD00BF9F
:1023400040B2002807DB044A4109012300F01F00C6
:10235000834042F82130704700E100E0054B42091C
:1023600000F01F0053F82220012303FA00F0104070
:10237000704700BF00E100E040B20028A8BF00F1B4
:10238000604001F10101B8BF064B4FEA4111ACBFFB
:1023900000F5614000F00F00C9B2B4BF195480F8D5
:1023A0000013704714ED00E0044B054A23F07F034F
:1023B0009360BFF34F8FBFF36F8F70470000000033
:1023C00000ED00E008B5FFF7EFFF074AD2F88830CC
:1023D00023F47003C2F8883003F050F903F064FF6F
:1023E00000F05AF803F08EF900ED00E042F8203CCE
:1023F000009B42F81C3C0A49019B42F8183C029B96
:1024000042F8143C21F001014FF0807342F8043C83
:1024100042F8081C0023203A02654367704700BF5A
:10242000491A0000094A0346906870B113F1160F6B
:10243000006E05D0A0F140029A4205D8834203D233
:10244000814228BF0020704700207047B40C002054
:1024500008B51546094A0A4B9060026F1A600E468D
:1024600000F044F82C4686F309880020054B984775
:102470002046002100220023034C2047B40C0020FA
:10248000100B0020A5810000491A0000014B10220A
:102490001A61704700ED00E0044800232021C218B3
:1024A0000133302B82F80013F9D1704700E100E0CE
:1024B00008B5EFF30583064A103B02EBC30152F85F
:1024C000330049688847BDE80840FFF709BD00BFF1
:1024D000B8900000024B034A0348012100F076B88F
:1024E000000004200000002070960000026E054BE2
:1024F000403A1A60044A4021C3E9011218460121FA
:1025000000F06EB8140B002000000B15084AC2F84A
:1025100098000B6823F01F03034343F01003C2F835
:102520009C308B6843F00103C2F8A030704700BFB5
:1025300000ED00E02DE9F043DFF8608085B00E4645
:102540001F4604464FF00009B14523DA6068D8B150
:102550003FB1411E08421BD11F2819D923681942D7
:1025600016D12368019305F040FEA368034303934B
:10257000D8F89050C5F30725D0B2013DA84207D83E
:1025800001A9FFF7C3FF421C09F101090C34DBE785
:102590006FF01502104605B0BDE8F08300ED00E0D5
:1025A000044B0522C3F89420BFF34F8FBFF36F8F06
:1025B000704700BF00ED00E0BFF35F8F024B0022C9
:1025C000C3F89420704700BF00ED00E010B5034C45
:1025D00001232278FFF7AEFF207010BDC30E00204C
:1025E00008B50B4A00231278FFF7A4FF10F1160F6D
:1025F00007D0084A0021D2F89030C3F3072398424D
:1026000000DB08BDC2F89800C2F8A0100130F2E764
:10261000C30E002000ED00E02DE9F043534B544C75
:10262000D3F890302568C3F307239D4285B000F2AC
:102630009A80FFF7C1FF00200C2685421AD14D4C2D
:102640004D4F25706846FFF727FBDFF82081DFF844
:102650002C9106460025AE4213D123784349002031
:10266000D1F89020C2F30722934276DBFFF798FF60
:10267000002042E0616806FB0011FFF747FF0130D0
:10268000DBE7009800EB05114FEA051CCB683B40E7
:10269000B3F5000F48D00AD8B3F5001F30D0B3F51A
:1026A000800F36D0B3F5801F10D00135D3E7B3F1DA
:1026B000807F42D0B3F1007FF7D150F80C308868AA
:1026C0004A6805F092FD40F4802009E050F80C3093
:1026D00088684A6805F089FD40F0885040F4302051
:1026E000CDE901230390D8F890302078C3F3072375
:1026F000013B98422AD96FF0150005B0BDE8F08380
:1027000050F80C3088684A6805F06FFD40EA09000F
:10271000E6E750F80C3088684A6805F066FD40F03E
:10272000C06040F40030DBE750F80C3088684A683D
:1027300005F05BFD40F08270D2E750F80C308868FD
:102740004A6805F052FD40F08870C9E701A9FFF71B
:10275000DDFE237801332370A7E7C1F89830C1F874
:10276000A00001337CE74FF0FF30C6E700ED00E04A
:102770007C960000C30E00200000F0FF000008114E
:1027800008B5024B1B689847002008BD200B0020AD
:10279000034B044A1860937843F002039370704728
:1027A000200B0020DC00002008B50649064821F077
:1027B0000701C1F1005202F5802205F09EFB0020C6
:1027C00008BD00BF07320020240B00200E4A012361
:1027D000C2F840354FF080424FF08051C2F8783552
:1027E000D1F83001082808D1D1F83411052904D8CE
:1027F0000648415C09B1C2F838364FF080430122E7
:10280000C3F880250020704700E00140269B0000AF
:1028100020B1034B800143F001031847704700BF0C
:102820006093000014280ED8084A12F8103053B1F3
:1028300002EB4002527832B108684343002093FB18
:10284000F2F30B6070476FF0150070472C9B00008F
:102850007FB50023CDE901330B7903F01F02C3F3E9
:102860000400072A8DF80D0003D96FF0150004B09D
:1028700070BD13F0200418BF8B7948798DF80B00D8
:1028800008BF23468DF80C300B780C2BEDD801A037
:1028900050F823F0CF280000C9280000F3280000DA
:1028A0006B280000F72800006B280000FB280000C0
:1028B0006B2800006B280000FF280000032900009F
:1028C0006B2800000729000001238DF806304B78A3
:1028D000032B1AD0042BC8D14B8844F20A00834240
:1028E00038D843F6FE70834213D8002BBDD10223A3
:1028F00040E00223E9E70323E7E70423E5E70523B4
:10290000E3E70623E1E70723DFE701238DF807303C
:10291000E2E7A3F57F533F3B0B2BA6D801A050F86D
:1029200023F000BFAF2900006B2800006B280000D7
:102930006B280000792900006B2800007329000033
:102940006B2800006B2800006B2800006B2800003B
:10295000EF28000044F21400834226D044F22800FD
:10296000834224D044F20F0083427FF47EAF0323DE
:1029700000E001238DF808300F4D012606FA02F31E
:1029800095F85000DBB2A4B18A790AB18DF80960DC
:1029900020EA030301A885F8503002F015FB074B2D
:1029A00098427FF462AF002061E70423E2E7052349
:1029B000E0E70343EEE700BF000000200000AD0B9E
:1029C00008B50D490D48002206F0DDF8002002F0A0
:1029D000B1FA0B4B98420CD1002201210720FFF7DE
:1029E000CBFC0848C36813B9043005F013FC002081
:1029F00008BD6FF00400FBE7A92B00006000002079
:102A00000000AD0B0000002010B50C4C94F83A30DB
:102A100023B1BDE810400A4802F06CBC02F0BAFBDA
:102A2000084B984208D06FF00403636204F114006D
:102A3000BDE8104005F0EEBB10BD00BF0000002057
:102A4000492A00000000AD0B2DE9F0410778002F66
:102A500040F08C804D4CE26A94F850C01CEA020FA2
:102A600025460AD14A4B0022C3F80025A36A6BBB56
:102A70004848BDE8F04105F0CDBBB0F808E0A66DD0
:102A80004FEA4E0E0123D0B218420AD094F8982093
:102A90000CEA030192B121B132460EEB06019142DC
:102AA00004D15B009BB26345EED9DBE732F9028BC0
:102AB000B8F1000FB8BF22F8027CF0E721B1B6F9F7
:102AC00000100029B8BF32800236EAE7236CB4F860
:102AD0004C2033B1304931489847012822D0022890
:102AE00039D0B4F84C30B4F848209A4233D9013385
:102AF000A4F84C3094F89830C3B9A36D94F85120E1
:102B000003EB4203A36594F85110A06D02F0FCFAA8
:102B1000234B98420AD06FF004031E48636205F00D
:102B200079FB03E094F89830002BECD0E36B1BB9F1
:102B3000BDE8F041FFF768BFBFF35B8F55E8003F8A
:102B40005A1E45E800210029F8D1BFF35B8F012B05
:102B5000EEDCBDE8F081E36B002B89D094F898306F
:102B6000002B85D10F4806F01AF881E7022F0AD111
:102B700002F010FB0A4B9842EBD004486FF00403BC
:102B80004362143075E7052FE3D171E700000020A0
:102B90000070004014000020280000207890000001
:102BA0000000AD0B60000020094BBFF35B8F53E8C2
:102BB000002F511C43E800100028F8D1BFF35B8FB1
:102BC0000AB9FFF721BF6FF00F025A62704700BFCA
:102BD000000000202DE9F0430E4685B04FF0FF3392
:102BE00073484FF0FF3202F031FF77687B1EFE2BF7
:102BF00008D96FF015046E4805F00CFB204605B0AF
:102C0000BDE8F08300252C4627FA05F3DA0706D540
:102C100002F0EAF9E840C307EBD50134E4B201352C
:102C2000082DF1D1002CE4D0337C083B062BE0D8F2
:102C300001A252F823F000BF732C0000F32B000018
:102C4000772C0000F32B0000552C0000F32B000024
:102C50007B2C00000221012C727C10D0002AC8D1EC
:102C6000544B002083F89800534B384602F0C2F9C9
:102C70002AE00021EFE70121EDE70321EBE7082A35
:102C8000B7D8DFE802F005050505050505050500CF
:102C90003368002BE4D0186801387F28E0D88DF81D
:102CA000082000228DF809201B68424A1B01013BC5
:102CB000ADF80A30012382F898308DF80C3002AA62
:102CC0003D4B384602F0C6F93C4B984291D13268F0
:102CD000630012B1928902FB0333F2689A4264D313
:102CE000344D85F8514095F89830B068A865214674
:102CF000A8462BB133689B89013313FB04F4A1B2BE
:102D000002F002FA2D4B984281467FF472AF3746AB
:102D10000FCF2B4C0FC43B68236000276F623368D2
:102D2000002B3FD00FCB261D86E80F00EB6BAE6269
:102D3000A5F84C70B3B3BFF35B8F58E8003F48E889
:102D40000072002AF9D1BFF35B8F95F89810E9B9AA
:102D5000E86B1C4E1C4A4FF40047E0FB0761002360
:102D60003046FEF7E5F80022CDE90001002304F12A
:102D7000280003F05DFC15484FF0FF324FF0FF33A1
:102D800002F064FE00B168626C6A34E702F002FA95
:102D90004845F0D06FF00403A4F124006B6205F005
:102DA00039FAE8E7FFF730FEE5E76FF00B0422E7BA
:102DB0000400002000000020492A00000000AD0BA4
:102DC000280000203F420F0040420F001400002066
:102DD000084B70B5C31A0D4607499B10044659436A
:102DE0000648402205F021FA2B4601462046BDE860
:102DF00070401847440B0020B76DDBB6F88F000019
:102E000073B50C4C0C4A4023041B00930D460B4633
:102E10000A49A41061430646094805F032FA011E2A
:102E200005DA30462B4602B0BDE87040184702B0C4
:102E300070BD00BF440B0020ED820000B76DDBB613
:102E4000F88F000010B5EFF31184202383F312886C
:102E5000BFF36F8F074A136823F00201DB0711608D
:102E600002D4012005F0DBFB84F31188BFF36F8FE0
:102E700010BD00BF940B0020002270B50121044654
:102E80001046FFF779FA0F4801F0D4F80E4B98423C
:102E900015D101F0DFF826690C49304605F0E3F85A
:102EA00000280BDB012535642469084904F11C0066
:102EB00005F0D9F8002801DBE564002070BD6FF053
:102EC0000400FBE7C92F00000000AD0B9C9600003A
:102ED0001FB500220123CDE90223094ACDF800D015
:102EE0006B46CDF804D005F0FAF9002805DB4FF465
:102EF00080420023684602F0A9FD05B05DF804FB9E
:102F00000B83000030B4104B0C2202FB003301464F
:102F10000020D3E90E529863EFF31180202484F34C
:102F20001288BFF36F8F1C6C04F0C00444F00204DD
:102F30001C6480F31188BFF36F8F1DB12B460348CB
:102F400030BC184730BC7047440B0020F88F00009D
:102F500010B4EFF31182202383F31288BFF36F8F35
:102F60001748016841F002040460C80707D482F3DF
:102F70001188BFF36F8F012010BC01F07DB84FF0B6
:102F80008041D1F80C04D1F80C14C907EFD5EFF348
:102F9000118083F31288BFF36F8F0A490B6C03F023
:102FA000C00343F002030B6480F31188BFF36F8FFB
:102FB00082F31188BFF36F8F002010BCFFF7A2BF10
:102FC000940B0020440B002010B1012804D070475E
:102FD000034B1B6C5B0701D1FFF794BF704700BF29
:102FE000440B00202DE9F0413849BFF35B8F0746C1
:102FF000012251E8003F41E800200028F9D1BFF349
:103000005B8F33B9324933484B60CB608A6005F03F
:103010003DF87B1E012B2BD8012F07D14FF08043A9
:10302000D3F81C3403F00303012B21D005F0A8FCD6
:103030000546F8B9284B1B78E3B14FF080430222D4
:10304000C3F808230646DFF894804FF08044D4F894
:103050001824D4F81834D20315D503F00303012B38
:1030600001D0012F0FD155B386F31188BFF36F8FB5
:10307000BDE8F081EFF31186202383F31288BFF3BC
:103080006F8F0125DFE7ADB1304605F09FF8D4F82A
:103090001835002BDBD1D4F80421002AD7D0C4F88E
:1030A0000431D4F804310123C4F81835C8F880314C
:1030B000A360CCE70021212005F0F9FCE7E74FF001
:1030C00080430222C3F80423D2E700BF400B002054
:1030D000300B0020600B0020C60E002000E100E055
:1030E00008B5074805F0A2FB38B10648FFF750FBCA
:1030F0000448FEF78BFC002008BD6FF01200FBE7D0
:1031000058900000093100000A2838B5074D0446E0
:1031100004D1AB680D215B6828469847AB6803482B
:103120005B68E1B29847204638BD00BF5890000068
:10313000F0B516464268107B01F01F0444EA4014C3
:10314000106987B0002872D0B6F5001F02F1100593
:1031500006D12146284605F0E2FA002007B0F0BD6E
:1031600001A80027B6F5800F0197476039D1B3F168
:10317000007F14BF052304238DF804300023CDE91C
:1031800004030393936823FA01F111F001010DF197
:1031900003073ED1B6F1A07F3BD104F01F036209C3
:1031A00003F5E07328D0012A47D1254A52F823308D
:1031B000DB072ED43A462146284601F047FA214B38
:1031C00098421CD0029703AA2146284601F0FEF837
:1031D0001D4B98422ED101222146284601F08EFA3D
:1031E000BBE7B3F1C06F05D0B3F1007F14BF01237B
:1031F0000223C1E70323BFE74FF0A042D6E73946D9
:10320000284601F073FA104B9842DBD06FF00B00A8
:10321000A4E73A462146284601F018FA0A4B98429C
:10322000D1D19DF80310284601F058FACBE76FF092
:10323000850093E76FF0150090E751F82330FFDE2B
:10324000000300500400AD0B0000AD0B420970B547
:10325000034602D0012A17D070BD0D4E3269516865
:103260000029F9D003F01F0301250C689D400029B7
:10327000F2D08A682A4002D04B68304698472CB179
:10328000236821461C46F2E7024EE7E72346F8E7AB
:10329000389000001890000038B545682B69B3B12C
:1032A0001035284601F010FA044680B90146284638
:1032B00001F0E6F9084B98420BD10849224628460E
:1032C00001F0BEF9224605210620FFF755F800203F
:1032D00038BD6FF00400FBE70000AD0B4D3200007D
:1032E0002DE9F043466840F20635D006337B87B0BF
:1032F00002EA050554BFC2F34010032001F01F0786
:10330000B5F5837F144647EA43178DF8030044D090
:103310000FD8062D18D007D8B5B1022D3FD06FF0C9
:10332000150007B0BDE8F083B5F5807FF7D1012522
:103330000AE040F20222954233D0B5F5407F32D008
:10334000B5F5007FEBD1022522032ED5726801234B
:103350008B40C2F80835326992BB07F01F037F0922
:103360002BD0012F79D13F4A02EB830284F48033C2
:10337000D2F80017C3F30043C4F3404444EA4304C3
:1033800021F4E16144EA800421F0070144EA0523C5
:103390000B43C2F800370020C3E70725D4E7042514
:1033A000D2E70525D0E70325CEE7630341BF01231C
:1033B00072688B40C2F80C35CDE74FF0A042D3E7DE
:1033C00010360DF102023946304601F03FF914F48F
:1033D000403F80460CD13946304605F09EF9224BDD
:1033E0009845D8D19DF80210304601F077F9D2E720
:1033F00001AB4FF0000903AA39463046CDE9043944
:10340000CDE90199CDF80C9000F0E0FF164B984201
:1034100085D114F4003315D09DF803308DF80E30AB
:1034200084F48034C4F300444B4603AA3946304642
:103430008DF80C508DF80D4001F084F80A4B98423D
:10344000CDD06CE7CDE9043303AA0DF1030339466F
:103450003046039300F0BAFFF0E703F5E07352F84B
:103460002330FFDE000300500000AD0B036803F0C3
:103470001F025B09026004D0012B034818BF002023
:1034800070474FF0A0407047000300502DE9F04F07
:10349000DFF89491DFF894A185B01546834600EBE0
:1034A000810140F2FF18594503D1002005B0BDE865
:1034B000F08FDBF800305E04C3F3C322C3F30804CB
:1034C00000F1AC801B0E19F80270444508BF4FF0A4
:1034D000FF34222B00F2A580DFE803F012191F222F
:1034E000252B22A3A3A3A33B68A3A3A3A3A3A3A3C6
:1034F000A3A36B818487A3A3A38A9194979A9D0029
:10350000C5F80C45601C5ED10BF1040BCBE7C5F888
:103510001445621CF8D000265FE0C5F80845F1E7C5
:10352000C5F81045F5E7631CC5F80845ECD0002642
:1035300004E0661CC5F80C45E6D0012603A80394F8
:10354000FFF794FF039B012202FA03F3C0F80C3546
:1035500008E0C5F80845002FDBD1631CD4D0002655
:1035600032460627DBF80030019303F400400028C0
:1035700018BF002203A8009218BF01260394FFF78A
:1035800075FF039C019B009A00EB8400C3F3412C60
:10359000D0F800473B0243EA8C03134304EA0A04D1
:1035A000234343EA4603C0F80037ADE7C5F80C45AE
:1035B000D1E7C5F86045601CDBF80030A4D0C3F348
:1035C0000043002BB9D003A80394FFF74FFF039BE0
:1035D000012606FA03F3C0F808353246C2E7C5F8FB
:1035E0006445E8E7C5F86845E5E7C5F86C45E2E7F6
:1035F000C5F82445621C87D000220126B2E7C5F831
:1036000028457FE7C5F83045F4E7C5F83445F1E7CC
:10361000C5F83845EEE7C5F83C4573E76FF015008F
:1036200044E76FF0850041E78E9B0000F0F8FCFF57
:10363000036803F01F025B09026004D0012B0348FA
:1036400018BF002070474FF0A040704700030050A3
:1036500073B50446002201211C20FEF78DFE606830
:103660002369244A00F1080101F018FA224B98421C
:103670003CD16568AE6B01AA0021304604F09DFE86
:10368000002805DB019B326819791868FFF7FEFEF8
:10369000002631462B6801F5AC7253F82230002B1E
:1036A0000EDB01A80193FFF7C3FF019AD0F80435A0
:1036B000D34013F001031CBF01238B403343DEB220
:1036C00001310429E6D1002301206268916A00FAE1
:1036D00003F232420CBF01220022D20321F8132050
:1036E0000133042BF1D1002002B070BD6FF00F0048
:1036F000FAE700BFE18300000000AD0B2DE9F041C7
:10370000044647680D4605F03BF94FF0200888B99C
:10371000264B1B7873B16426606804F01AFFF0B979
:10372000012004F06EFF013EF6D10021212005F0BA
:10373000BEF9F0E7EFF31186314688F31288BFF344
:103740006F8F606804F005FFA8B986F31188BFF396
:103750006F8FEFE786F31188BFF36F8FE5E7EFF325
:103760001186314688F31288BFF36F8F606804F0CA
:10377000F0FE0028EED0BB691D706368BA691B6853
:103780000020C3F844250122C3F84825C3F82001CE
:10379000D3F82041C3F85801D3F858019A6081F357
:1037A0001188BFF36F8FBDE8F08100BFC60E002007
:1037B000F8B50022054601210220FEF7DDFD0220BA
:1037C000FEF7BEFD6C680121E06804F0F3FE6B6853
:1037D0001A682369C2F82435617D237D0B43A17DDE
:1037E0000B43C2F86C356E68D6E9004313F0010351
:1037F00042D02F6907F1080004F00FFF2D4B9842CB
:1038000054D1387A04F10C0204F5907104F0FBFEF7
:10381000387A012707FA00F000F0A4FB0823C4F867
:103820000035B369C4F844350023C4F84835A760AF
:10383000D4F85831002BFBD00026C4F800656B6823
:103840003146D86804F0B6FE6D6831462C68E868E9
:1038500004F0B0FE0823C4F800352A7A52B9EB69A7
:10386000C4F834350123C4F83835C4F81021D4F82D
:10387000102123600020F8BD0822C4F80025B26999
:10388000C4F84425C4F848350123A360D4F8203196
:10389000002BFBD00023C4F82031D4F820310123C1
:1038A000E3604FF48073C4F80433C1E76FF00400A1
:1038B000E1E700BF0000AD0B70B5012383400E4A65
:1038C000BFF35B8FDC4352E8001F01EA040542E8C6
:1038D0000056002EF7D1BFF35B8F4FF48032824049
:1038E0000648C0F80823BFF35F8FBFF36F8F0B420A
:1038F00014BF0120002070BDC80B00200010014043
:1039000070B40E49D1E90034D01AC31844F1000450
:1039100022F07F46C1E90034A6F50013B3F5400F4D
:1039200009D2074B1B681A0A1B069C19054B42F16A
:103930000005C3E9004570BC02F092BDE803002019
:10394000CC0B0020F003002011B3BFF35B8F0123E9
:10395000104A834052E800CF4CEA030C42E800C111
:103960000029F7D1BFF35B8F0B4A4FF480338340BC
:10397000C2F80433094BBFF35B8F1B68BFF35B8F47
:10398000C340DB0742BF064B4FF40032C3F80021AF
:10399000704700BFC80B002000100140C40B00207E
:1039A00000E100E00D4B1868010A0006BFF35F8FCD
:1039B0000B4BD3F80435181841F10001B3F5801F03
:1039C0000AD2084BD3E90023904271EB030303D2E0
:1039D00010F1807041F10001704700BFCC0B002056
:1039E00000100140F00300202DE9F04F85B016468D
:1039F0001F469DF840A00446FFF75EFF0190FFF7C9
:103A0000D1FFB04271EB070354D23E4B301A67EB43
:103A10000101984271F100014FD23B4B03EB0413BB
:103A2000D3E902239F4208BF96425ED037494FF444
:103A3000803804F1500508FA04F8AD00C1F8488355
:103A40002046ADB204F0C5FD26F07F4B05F1804560
:103A500004F5A87305F58835DC464FF00309029399
:103A6000029A2CF07F4341F82230C1F84483D1F808
:103A70000435274A6FF00200C01A604420F07F40EE
:103A8000904232D9286868B1D1F804350393A3EB8A
:103A90000B0020F07F40B0F5000F26D9204604F03F
:103AA00098FD039BBAF1000F07D109EB030C09F154
:103AB0000109D5E7BAF1000F09D06FF015052046CE
:103AC0000199FFF741FF284605B0BDE8F08F0123BB
:103AD000104ABFF35B8FA34052E8000F184342E83F
:103AE00000010029F8D1BFF35B8F07490E9823012D
:103AF00001EB0412C8500F9B5360C2E90267002516
:103B0000DDE700BF01008000D80300200010014065
:103B1000FDFF7F00C40B00207FB51C4C1C4BC4F87C
:103B20000833C4F848331B4B00254FF0FF304FF0EB
:103B3000FF31C4F80855C3E902014FF48033C4F8DB
:103B40000433154B02264FF400320121C4F80463FC
:103B50001120C3F880212A46FEF70EFC1120FEF743
:103B6000EFFB0E4A0123A360236013600C4B0D4A48
:103B70000093CDE9015500232846FFF735FF304675
:103B8000FFF730FA284604B070BD00BF00100140B6
:103B900003000F00D803002000E100E0C80B002064
:103BA00001390000FFFF7F002DE9F7432F4CD4F8C7
:103BB000043399070BD5D4F8043143B12C4A0023C0
:103BC000C4F80431D4F80431136801331360D4F815
:103BD0000433DA0329D5BFF35B8F264B53E8002F5C
:103BE00022F0010143E800100028F7D1BFF35B8FFA
:103BF000D30702D4D4F84031BBB10025C4F84051FA
:103C0000D4F84031FFF7CEFEEFF31182202383F387
:103C10001288BFF36F8F184BD3E90267B042B941E6
:103C200006D282F31188BFF36F8F03B0BDE8F08333
:103C30004FF0FF384FF0FF39C3E90289D3E9001094
:103C40001D604FF48033C4F84833C4F84051D4F8B1
:103C5000403182F31188BFF36F8F0029E5D00090C7
:103C600032463B4628468847DFE700BF0010014048
:103C7000CC0B0020C40B0020D803002030B5431C1F
:103C8000124C85B005D08442A8BF0446012CB8BFB1
:103C90000124FFF787FE0E4B0C4DD3E90013401AA9
:103CA000B0F5000F10D22218AA4228BF2A46521897
:103CB0004FF0000007490091CDE9010043F10003F6
:103CC000FFF792FE05B030BD2A46F0E7FFFF7F0008
:103CD000E80300200139000008B5FFF763FE024B3E
:103CE0001B68C01A08BD00BFE80300204FF08053D6
:103CF000D3F83021082A06D1D3F83431052B02D865
:103D0000024AD05C70470020704700BFB79B00009C
:103D1000024AD2F80034002BFBD0704700E001408B
:103D200010B54FF08053D3F83021082A4ED14FF010
:103D300080420021C2F80C11C2F81011C2F83815E7
:103D400002F54042D3F80414C2F82015D3F8081441
:103D5000C2F82415D3F80C14C2F82815D3F810149F
:103D6000C2F82C15D3F81414C2F83015D3F818146F
:103D7000C2F83415D3F81C14C2F84015D3F8201437
:103D8000C2F84415D3F82414C2F84815D3F82814FF
:103D9000C2F84C15D3F82C14C2F85015D3F83014CF
:103DA000C2F85415D3F83414C2F86015D3F8381497
:103DB000C2F86415D3F83C14C2F86815D3F840145F
:103DC000C2F86C15D3F84434C2F87035FFF78EFF93
:103DD00018B13A4B3A4AC3F88C26FFF787FF18B15F
:103DE000384BFB22C3F81825FFF780FF70B14FF066
:103DF00080414FF08053D1F8E42ED3F8583222F0AE
:103E00000F0203F00F031343C1F8E43EFFF76EFF08
:103E100020B12D4B4FF40072C3F840264FF0805371
:103E2000D3F83031082B1AD14FF08043D3F8002457
:103E3000D20744BF6FF00102C3F800244FF0805353
:103E4000D3F83431052B02D8204AD35C3BB14FF074
:103E50001023D3F808224FF08043C3F858254FF0C1
:103E60001023D3F80022002A03DBD3F80432002BFE
:103E700022DA174901234FF01020C1F8043512242B
:103E8000FFF746FFC0F80042FFF742FFC0F80442C8
:103E9000FFF73EFF0023C1F80435FFF739FFBFF3FA
:103EA0004F8F0C490C4BCA6802F4E0621343CB609D
:103EB000BFF34F8F00BFFDE710BD00BF00500040B3
:103EC0004881030000F0004000900240B19B0000D8
:103ED00000E0014000ED00E00400FA0530B50468A0
:103EE000CCB1BFF35B8FB4FA84F3C3F11F03DBB231
:103EF00001229A4024EA020250E8005FA54204D160
:103F000040E8002CBCF1000FF6D1BFF35B8FE6D187
:103F100002480B7030BD0248FCE700BF0000AD0B4B
:103F20000200AD0B10B50368CB40DB0714D40123AE
:103F30008B400268BFF35B8F43EA020150E8004FF9
:103F4000944204D140E8001CBCF1000FF6D1BFF34D
:103F50005B8FEED1014810BD0148FCE70000AD0BBE
:103F60000400AD0B014BC3F80405704700F001409D
:103F7000F7B50546F8B101281BD104224FF4807330
:103F800001464FF0804003440244C0F80813002665
:103F9000012111601E608D421B688DF8071008BF5B
:103FA0000DF1070642F210744FF0804745B1012D24
:103FB00029D003B0F0BD0C224FF482730221E0E758
:103FC000D7F8183403F4803366B9002BF1D0012000
:103FD00004F017FB013CF3D1EBE704F012FB013CCA
:103FE000E4D1E6E7D7F8182402F003023260002B90
:103FF000DFD09DF807000128EFD0012DD9D10C4B5F
:1040000000225A71D5E7D7F80C3403F480333EB957
:10401000002BF4D0012004F0F4FA013CF3D1C8E7FE
:10402000D7F80C2402F001023270002BE1D1E6E750
:10403000D00B0020044B1A7922B9012218609A8013
:104040000248704702487047D00B00200000AD0BBB
:104050000C00AD0B08B5074B1B682BB10020FEF719
:104060007DF908B9FEF76CF94FF080430022C3F8E0
:10407000182508BDD00B002010B510B1012843D081
:1040800010BD4FF08043D3F81814D3F81824C80398
:1040900021D502F00303012B04D013B10020FFF758
:1040A00067FF00234FF080420220C2F81835082233
:1040B0004FF4827303F180430021196002F18042C2
:1040C0001C6801241460154A12680AB34FF080433B
:1040D000C3F80403D4E7D3F81424D107E1D5D3F807
:1040E0001C249207DAD40D4A12681AB10222C3F8CE
:1040F0000423C5E7D3F80421002AFBD00022C3F82B
:104100000421D3F80431BBE700224FF48073D1E7D8
:104110001A68002AFCD019601B68B1E7D00B002098
:10412000F8B54FF080431C4ED3F804430125002717
:1041300004B9F8BDB4FA84F0C0F11F00830003F5A0
:1041400080739BB203F1804305FA00F2196892B2C2
:1041500024EA02040029EBD01F601B684FF0804363
:10416000012AC3F8082305D0022A08D03368C0B258
:104170009847DDE77379002BDAD17271F6E7D3F84F
:104180001814D3F818148907F0D1C3F81855C3F8D8
:1041900004239D60CCE700BFD00B0020036803F030
:1041A0001F025B09026004D0012B034818BF0020E6
:1041B00070474FF0A040704700030050034A430986
:1041C00000F01F00D35C1844C0B27047BD9B0000D4
:1041D00070B50546FFF7F2FF0C4C08300E4634F878
:1041E0001030DA0508D5C3F3432304EBC302284695
:1041F00054F8333052689847A3682BB1E2683146CF
:104200002846BDE87040184770BD00BFD80B00209D
:1042100008B5FFF7D3FF034B083033F81000400B0D
:1042200008BD00BFD80B002008B5FFF7C7FF034B40
:10423000083033F81000C0F3400008BDD80B002050
:1042400008B5FFF7BBFF034B083033F81000C0F38D
:10425000401008BDD80B0020034611F0010010B536
:10426000CCB20DD1A207C4F3400012D5094AD2F84E
:1042700020055860C2F82005003818BF012008E06A
:104280004FF0A041D1F820251A60C1F82025002A5E
:10429000E8D010BD0003005010B5FFF78FFF124AA1
:1042A000083032F81030D9051CD5C3F3432123F46C
:1042B000F85322F8103002F10E04002034F8023FC7
:1042C00013F4807F03D0C3F3432399420AD0013013
:1042D0003028F3D1002342F831300448BDE81040C3
:1042E000FFF720BE10BD00BFD80B0020500C0020EF
:1042F00001F18051F0B501F5C2510446114A002088
:104300008900012506468A420BD10F4BD3F87C2148
:1043100032B10022C3F87C21D3F87C3140F0004058
:10432000F0BD02F14043A3F5C2439B0805FA03F335
:104330001C4204D0176817B116601768184304327E
:10434000E1E700BF0061004000600040F7B50646AD
:104350000846FFF733FF194F00F108050C4637F800
:104360001530DB0727D5304604F0B3F92046FFF7B8
:1043700067FF40B12046FFF74BFF316800F5A270A0
:10438000002341F820302046FFF786FF002301A8D4
:1043900027F815300194FFF701FF019B00EB830024
:1043A000074BD0F80027134043F00203C0F8003752
:1043B000044803B0F0BD0448FBE700BFD80B002061
:1043C000F0F8FCFF0000AD0B0400AD0B2DE9FF4140
:1043D000164680460846FFF7F1FE0C463168054652
:1043E00009B32046FFF720FF18B12046FFF728FF4A
:1043F00010BB0023CDE900338DF80E308DF80F305F
:104400000DF10F020B4620460DF10E0104F009F9E3
:10441000484A05F1080132F8113023F0020343F055
:10442000010322F8113073685BB320461F78596886
:10443000FFF7FAFE10B1C9B13F4825E03D4A05F14A
:10444000080C32F81C3023F02003DB04DB0C22F8CC
:104450001C3059B1032FEFD87168D8F800004968B3
:104460000978A7B901F5A27140F82170314A05F128
:10447000080132F8113023F01C0343EA870322F8C5
:104480001130B3686BBB2D4804B0BDE8F08100EB80
:10449000810043EA4133D0F810E52EF0030EC0F856
:1044A00010E5D8F8000000EB810E43F02003DEF8A1
:1044B000100522F81C3020F44F3020F44070CEF864
:1044C00010052002DEF8108500F47C5040EA074019
:1044D00040EA0800CEF8100502EB4100A0F87C404D
:1044E000C4E7D3E900672046FFF7D6FE002ECAD006
:1044F000104CD4E90023964203D19F4201D10022FF
:1045000009E00F480DF10F01FFF7E8FC0B4B984253
:10451000BAD19DF80F2044F8326004EBC20308358D
:104520005F6034F8153043EA422343F4807324F883
:104530001530A8E7D80B00200400AD0B0000AD0B30
:10454000500C00202DE9F0430C4685B080462046F3
:1045500011461E46FFF732FE054629B32046FFF7F7
:1045600063FE18B92046FFF76BFE18BB314F05F10B
:10457000080937F8193013F01C0F02D04B78012BC3
:1045800018D001238DF80F300023CDE900134A1C09
:104590008B1C20460DF10F0104F043F837F8193059
:1045A00043F0030327F81930002E41D02046FFF7CF
:1045B0003BFE18B9204805B0BDE8F08396F800C06E
:1045C000D8F800301B4F0CF5A272002143F82210DE
:1045D00005F1080237F8121021F02001C904C90CB6
:1045E00027F8121075781DB3D8F80000B67800EBE4
:1045F0008C002D04D0F8103523F4991323F4F853CC
:10460000C0F81035230203F47C5305F44035360519
:10461000D0F810E52B4306F4801641EA4C313343C1
:1046200041F0200143EA0E0327F81210C0F81035BC
:104630000248C0E7D80B00200400AD0B0000AD0B12
:10464000014BC3E902127047D80B002010B5084691
:104650001446FFF7F5FD50B10846FFF7AFFD054BD7
:10466000083033F8103004485B0B237010BD03484A
:10467000FCE700BFD80B00200000AD0B0400AD0B21
:1046800070B50E4C94F88C500646A5B960222946A8
:1046900004F1100004F0ADFA3068C0F87C51D0F895
:1046A0007C3140F30730FDF74BFE0123044884F8CA
:1046B0008C30A36770BD0348FCE700BFD80B002017
:1046C0000000AD0B0C00AD0B034B93F88C000038D1
:1046D00018BF0120704700BFD80B00200079024BA3
:1046E00003EB8000FFF71EBCEC0000200079024BBA
:1046F00003EB8000FFF7F2BBEC000020F7B50546A6
:1047000008461646FFF79CFD0C462968F0B1204686
:10471000FFF78AFD0746C8B92046FFF779FD04B2C6
:10472000A40004F580728F508A5829682144D1F87A
:10473000102542F00102C1F810252EB1296801228E
:1047400002FA00F3C1F8043303B0F0BDD1F804332A
:10475000002BA4BF4FF00043C1F804332046FFF7FD
:104760002DFD0F4B083033F81030C3F38203042BB8
:1047700012D0052B12D001A80194FFF70FFD019A6A
:10478000D0F81035D34003F00103991C204603B044
:10479000BDE8F04003F08EBF0321F7E70221F5E703
:1047A000D80B00202DE9F04F654BD3F80403C0B2BD
:1047B00087B0082140F00040FFF79AFD051E2BDA74
:1047C0000023032104A8CDE90433FFF745FDDFF8FA
:1047D00074A10DF110084FF000094FF0010B1AF809
:1047E000013B5949DA0803F007038A5C22FA03F314
:1047F000DA071CD408F10408B9F1000F14D0002125
:104800004FF00040FFF774FD032104A8FFF724FDDB
:104810000028DCD125F00045494E4C4F0124002DE5
:1048200078D107B0BDE8F08F4FF00109D7E7484BCA
:104830004B440093D8F800100029DBD0009B91FA7C
:10484000A1F11C78B1FA81F141EA44142046FFF746
:10485000B5FC3E4B0394083033F81070C80801F0E3
:10486000070118F800200BFA01F122EA0102BB0847
:1048700008F8002003A80193FFF790FC039A019B1E
:1048800002F5E072C7F3820650F822205B07374634
:10489000C2F3014223D520463946D6B2FFF798FC31
:1048A00003A80394FFF77AFC039B03F5E07350F829
:1048B0002330C3F301439E4207D10021204603F079
:1048C000F9FE3146204603F0F5FE03A80394FFF7F6
:1048D00065FC039B0BFA03F3C0F82035AAE7022A14
:1048E0000CD10321204603F0E5FE06F00503012B61
:1048F000EBD139462046FFF76BFCE6E70221204664
:10490000019203F0D7FE032EF3D0019A032ADCD1E3
:10491000022EEDE795FAA5F3B3FA83F304FA03F256
:1049200025EA020503F5A27207EB430356F82210AD
:10493000B3F87C00C1F30141FFF74AFC6FE700BF09
:1049400000600040CD9B000088970000D80B00203D
:10495000CD9B000001460148FFF7C0BAF0000020DF
:10496000036803F01F025B09026004D0012B0348B7
:1049700018BF002070474FF0A04070470003005060
:1049800070B505790A4C14236B43E618E35833B924
:104990000068022103F0FAFE08B1012333721423E8
:1049A00003FB0544207A023818BF012070BD00BF08
:1049B000680C00202DE9F3470B7F04466BBBDFF842
:1049C000D8900D1F01F1100601F10C08012755F8D0
:1049D00004AFBAF1FF3F1CD03378CDF804A001A892
:1049E000002B50D0FFF7BCFF019B07FA03F3C0F880
:1049F000083501A8CDF804A0FFF7B2FF019B00EB3A
:104A00008300D0F8003703EA090343F00303C0F83A
:104A10000037A84506F10106D9D191F81DC00D8BCC
:104A20004F7D8E7D8A7EC87E2368BCF1000F0BD13E
:104A3000D1E9008ED1E902C1C3F86085C3F864E50D
:104A4000C3F868C5C3F86C1542EA0022C3F80C75B8
:104A5000C3F80465C3F80855C3F81025206800237F
:104A6000C0F81031D0F81021C0F80831D0F8082172
:104A7000C0F80C31D0F80C3140F3073002B0BDE87B
:104A8000F047FDF75DBCFFF76BFF019B07FA03F3EF
:104A9000C0F80C35ADE700BFF0F8FCFF2DE9F041A0
:104AA00090F804800D4C142606FB08F6A71997F819
:104AB00008C0BCF1000F0ED1A2517B6019B10B7F71
:104AC0003B74FFF777FF142303FB084404480123DA
:104AD0002372BDE8F0810348FBE700BF680C0020AB
:104AE0000000AD0B0C00AD0B70B40C4601792668CC
:104AF00015461A461A4B01EB810103EB810103684D
:104B0000C3F82065A688C3F82465A668C3F828659D
:104B1000E668C3F82C6503682668C3F84065A68874
:104B2000C3F84465A668C3F84865E468C3F84C4513
:104B3000046805F0010303EB5505C4F81455D407C8
:104B40000CD412F0020403D0002B14BF0824042458
:104B50000568C5F8004270BC03F0E3BD1024F7E718
:104B6000680C002038B5036805790022C3F80022DC
:104B70000368012204465A6071B12046FFF700FF26
:104B80000028FAD023680022C3F80025054B142220
:104B900002FB053301221A722046BDE83840FFF7B8
:104BA000EFBE00BF680C002010B5B2211A4803F018
:104BB000EDFDC106044608D5184BDA68520704D546
:104BC0001A6812B1596801209047A00608D5134B06
:104BD000DA68110704D51A6812B1596802209047A3
:104BE000220608D50D4BD86810F0100003D11A68C2
:104BF0000AB159689047A3070DD5074B0022C3F8A7
:104C00000025064B01221A721A6822B1BDE8104035
:104C100059680320104710BD00C00140680C0020F7
:104C200030B50A4B082493F830500122002310427B
:104C300003D0154208D00133DBB2013C4FEA4202F7
:104C4000F5D103480B7030BD0248FCE77C0C002016
:104C50000000AD0B0400AD0B054B93F82E00431E76
:104C6000012B03D9043818BF01207047002070477A
:104C70007C0C002010B5164A16490020C2F8000529
:104C800091F82F40D2F8043381F82E400C6823F0BD
:104C900033030CB143F02303C2F81C01D2F81C41CA
:104CA000C2F81801D2F81841C2F80801D2F8082158
:104CB00091F83320D00791F8342048BF43F08003A7
:104CC000D207034A48BF43F04003C2F8003310BD87
:104CD000007000407C0C002070B50D4A002392F853
:104CE000301001251E4618B90BB182F8301070BD86
:104CF00090FAA0F3B3FA83F305FA03F40C3302EB52
:104D0000430320EA0400DE8021EA04010123EAE7EC
:104D10007C0C002073B50023044601AA0E464FF414
:104D20008071019303F05EFD4FF48A71204603F019
:104D300059FD4FF482710546204603F053FD20B122
:104D40001EB115B1144BD3F8343601AA4FF4847157
:104D5000204603F047FD4FF48671204603F042FDE4
:104D60004FF48871204603F03DFD0C4B234083B186
:104D70004FF48E75294601AA204603F033FD291F02
:104D8000083589B22046ADB203F02CFDB5F5AE7FF3
:104D9000F0D1019802B070BD00700040C0FF3F002C
:104DA0002DE9F04F93B09A460DF1080C0AAF1C9D07
:104DB0003F4B3E46E046002403EB041E0134DEF880
:104DC000189548F8049B082CDEF81CE546F804EB1F
:104DD000F2D1D3F8F065D3F8404601944FF0010EBC
:104DE0000024D3F84496D3F84886C3F8FC4FC3F8A0
:104DF000FCEF2F4B5CF804BB03EB041E0134CEF830
:104E000018B557F804BBCEF81CB5082CF2D1019C9C
:104E1000C3F84046F6B2274CC3F84496C3F8488618
:104E2000C3F8F065002684F8336084F83460A66027
:104E30002661256084F83100A683C3F8F015C3F815
:104E4000F4252DB32322C3F800231A4D184E002158
:104E5000012707FA01F303404FEA01121BD102F1C7
:104E6000804404F5E044C4F81035C4F814353244E5
:104E70000131D2F8184524F0807444EA036308290C
:104E8000C2F8183505F10205E3D113B0BDE8F08F83
:104E9000C3F80053D9E702F1804303F5E043EC7F08
:104EA00095F81EC0C3F810C5C3F814455346DEE795
:104EB000007000407C0C002010B5C3788278417AE5
:104EC0001B03120202F4E06203F4805313430278DE
:104ED00002F0030213430279120402F4E0221343A6
:104EE0004278120102F0300213438279120602F076
:104EF000807213434279120502F4801213430A01AF
:104F000002F1804202F5E042C2F81835084AC4793D
:104F100001F10C0302EB43039C71007AD871012369
:104F200003FA01F192F830300B4382F8303010BDB3
:104F30007C0C002070B51F4D95F82E40002C37D109
:104F40000126FF2085F82E60FFF7C6FE1A4B1B498D
:104F5000C3F80041D3F80021C3F80441D3F8042179
:104F6000C3F81041D3F81021C3F81441D3F8143119
:104F70001C239A0806FA02F212F0330F1FBF03F146
:104F8000804202F5E242146012681A1F920806FA83
:104F900002F212F0330F1CBF5C505A5808335C2BDE
:104FA000E7D10720FDF7CCF9002305482B6070BD41
:104FB0000448FCE77C0C002000700040FC700040BE
:104FC0000000AD0B0C00AD0B08B50246FFF744FE28
:104FD00020B91046FFF770FF014808BD0148FCE703
:104FE0000000AD0B0B00AD0B014B93F83000704788
:104FF0007C0C00202DE9FF4105460F4616469846D9
:10500000FFF72AFEF0B90DF10F012846FFF708FE61
:105010000D4B9842044611D1331E18BF012332466E
:10502000CDF8008039462846FFF7BAFE074B9DF8B9
:105030000F2083F83220022283F82E20204604B06D
:10504000BDE8F081024CF9E70000AD0B7C0C0020BC
:105050000B00AD0B2DE9FF4707469946FFF7FCFD16
:105060008A461446064600283FD10DF10F01384606
:10507000FFF7D6FD1F4B9842054627D163889DF860
:105080000F803BB3B8F1010F31D8B9F1000F2ED02A
:105090002278637812B1B3FA83F67609CDF80090DE
:1050A00051463846FFF77CFE6388134A0BB143F440
:1050B0008053C2F8F835114B83F83280227983F897
:1050C0003520042283F8366083F82E20284604B069
:1050D000BDE8F08722786378002ADFD0002BDDD18D
:1050E000B8F1010F03D80126D8E7054DEEE7054DCD
:1050F000ECE700BF0000AD0B007000407C0C00200E
:105100000B00AD0B0300AD0B10B51B4B1A696ABB4E
:1051100000F06042B2F1005F2AD193F83220B1FB77
:10512000F2F402FB14142CBB0CB2002C22DD93F819
:105130002E40052C05D8032C0AD8022C0DD00F4880
:1051400010BD062CFBD10E4AC2F82C06C2F8301650
:105150009A6842B1C3E9040103E08A420AD1C3E973
:1051600002020848ECE7C3E90201FAE70648E7E76C
:105170000648E5E70648E3E77C0C00200500AD0B98
:10518000007000400000AD0B0C00AD0B0A00AD0B31
:105190000600AD0B2DE9F3414F4CA368002B00F046
:1051A000998094F82E20022A05D0042A30D04B484A
:1051B00002B0BDE8F0814A4D0126C5F800652168BE
:1051C000E26849B1032184F82E10C5F82C36C5F8E1
:1051D00030262E604348EBE7C5F82C36C5F830265C
:1051E0002E6003F016FB08346E6021460220FFF7A4
:1051F00091FD0028F9D03A4B0022C3F80821D3F8DA
:105200000811C3F80C21D3F80C11C3F80025E1E70D
:10521000334D4FF00108C5F80085276857B10522C6
:1052200084F82E20E268C5F82C36C5F83026C5F87B
:105230000080CFE7A18B94F83220019203EB410369
:105240000093C5F82C36C5F83026C5F8008003F069
:10525000E0FA94F836305BBB214D01236B60694660
:105260000220FFF757FD0028F9D00022C5F80821D9
:10527000D5F80831C5F80C21D5F80C31A18B94F87C
:1052800032300B44E1689BB28B42A38321BF164BA3
:10529000A283D3E90201C3E90001114B28BF2261B7
:1052A0004FF000022CBF0F481048C3F800257FE7DD
:1052B000D5F8F465F6B208FA06F6013EBE42CBD93F
:1052C000C5F8048000210420FFF724FD0028F9D050
:1052D0000137F3E706486BE77C0C00200500AD0BB7
:1052E000007000400000AD0B840C00200B00AD0BE3
:1052F0000200AD0BF8B50246FFF7AEFC002851D115
:10530000294E2A4C96F82E3086F82F30072386F83F
:105310002E3001237260C4F80035D4F80453C4F869
:105320000003E3603AB125F0C00545F03305C4F849
:1053300000531F48F8BD00211020FFF7EBFC0028A8
:10534000F9D00023C4F80431D4F80431194BC4F85F
:105350002C3601270223C4F83036276003F059FAAF
:10536000A76000212020FFF7D5FC0028F9D00F4BC3
:105370000022C3F80421D3F80411C3F80821D3F89C
:105380000811C3F8002596F82F1086F82E10C3F8E0
:105390001C21D3F81C11C3F81821D3F81821C3F825
:1053A0000053C6E70448C5E77C0C002000700040AD
:1053B0000000AD0B940C00200B00AD0B7FB56249D3
:1053C000614E3320FFF7A6FC10F0100F05460BD0FE
:1053D0005E4B1022C3F80823B218C3F82C26022211
:1053E000C3F8302601221A60594CAA0694F82E30D0
:1053F0000ED5072B554A05D0D2F834369BB2E36060
:1054000000232361D2F80433DB0601D5FFF732FC19
:10541000A80718D594F82E30A16802910022E168FF
:105420008DF80420062BADF80C1018D0072B35D0C2
:10543000032B08D1454BC3F80025022384F82E30F6
:10544000236801A89847E9074FD594F82E30033B0D
:10545000042B4AD8DFE803F05A4929415E0094F84A
:10546000353023B1236913B1384B01221A60236808
:1054700001A89847374B93E8030086E80300002310
:105480002361A368002BDED1304AC2F80035042323
:1054900084F82E3005238DF80430D1E7FFF7EAFBBE
:1054A00002238DF804306368CBE704238DF80430C1
:1054B00001A823689847254BD3F8F825D20444BFA8
:1054C00001225A602269062384F82E302AB11F4B2C
:1054D0006169C3F82C26C3F8301623692BB903235E
:1054E0008DF8043001A82368984794F82E30072BD4
:1054F0000AD0164B1848D3F8043300211840FFF7A0
:1055000009FC012685094DB904B070BD0F4B01227D
:105510005A60EAE70D4B01229A60E6E795FAA5F397
:10552000B3FA83F306FA03F225EA02055A08DB43CD
:1055300003F001038DF809308DF8046023688DF8BD
:10554000082001A89847DEE7840C00200070004086
:105550007C0C00208C0C0020C0FF3F0038B5EFF31E
:105560001185202383F31288BFF36F8F064B9C684D
:1055700003F06FF985F31188BFF36F8F2046BDE804
:105580003840FCF785BE00BFB40C002038B50A4B8C
:1055900053F82040013053F82050A54200D838BDC0
:1055A000606830B1037FDB0701D403F055F908349C
:1055B000F3E723689847FAE78C97000070B52A4B09
:1055C0002A4C2B4D012286B003201A70FFF7DEFF14
:1055D000FCF768FB0420FFF7D9FF2646AE4204F132
:1055E000300410D300F044FC204C224EAC4226D3B1
:1055F00000F052FC02F043FB1F4A137B23F001032F
:10560000137306B070BD54F80C3C059354F8103C6D
:10561000049354F8143C039354F8183C029354F840
:105620001C3C019354F8203C009354E90A2354E9AC
:105630000C0100F031FA54F8303C5E65CDE7D4E956
:105640000A23B3F1FF3F08BFB2F1FF3F05D052EA92
:105650000301206803D100F0DBFC3034C6E731469B
:10566000183000F06BFEF8E7C60E002038920000FC
:10567000F89200007B8A00007804002008B50348F7
:10568000034A0021121A03F0FEF808BDD8010020D9
:10569000C80E002070B5002386B00122CDE9042396
:1056A000134E144D01930F22CDE9023212491423F7
:1056B00003FB005506EBC01604464FF4C07000FB18
:1056C00004110E4B00954FF4A072304600F0E4F93F
:1056D000737B0B4AEE6023F0040373734FF404638F
:1056E00004FB033313442C746B6006B070BD00BF21
:1056F000F8030020B40C0020402C00204D8900004D
:1057000000240020BFB50020FFF740FF294B83F3A2
:105710000888294C294F636943F4007363610025AD
:10572000E02384F82230E57725766576A57684F83F
:105730002050636A43F4E023636284F82350FCF74B
:1057400023FDFCF7A3FE4FF0FF33A362E362FCF7F7
:1057500063FFFCF7BFFE1A481A4C00F0E9F903F0AA
:1057600064F80120FFF712FF0220FFF70FFF00F09F
:10577000C7FB154B15495C61154B05930123CDE91A
:1057800003534FF480623B46CDE901550095204616
:1057900000F082F9627B064622F004022046627322
:1057A00003F02EF92846FFF775FF3A4631462046AA
:1057B000FCF74EFE402C002000ED00E0BD5500003F
:1057C000F804002078040020B40C0020C02D002034
:1057D000CF9B000038B5064C064D0020AC4200D3EC
:1057E00038BD204603F053F80028F9DB1C34F5E7F8
:1057F000700100207001002073B50C46EFF3118199
:10580000202585F31288BFF36F8FC5685DB12560D1
:105810002B68C360836901338361002081F31188A1
:10582000BFF36F8F11E052EA030603D125606FF0DA
:105830000B00F3E7CDE900230246083000F05EFAE2
:1058400018B9034B9B681B69236002B070BD00BF91
:10585000B40C00202DE9F341044617461E46EFF331
:105860001188202383F31288BFF36F8FC368334AF4
:105870007BB180689168884219D057EA060318D135
:1058800088F31188BFF36F8F6FF00F0002B0BDE88F
:10589000F081916891F90E1021610133E360936802
:1058A000A36088F31188BFF36F8F0020EEE72169B2
:1058B000F2E791F90E1090F90E309942A8BF1946FF
:1058C0006FF07E029142B8BF11468B422DDD03F08E
:1058D00048F80546CDE9007619482246414600F0D1
:1058E0000DFA0028E1D0EFF31186202383F312880C
:1058F000BFF36F8FA068D0B1236821699C420AD0A2
:105900004BB193F90E309942A8BF19466FF07E0350
:105910009942B8BF194603F024F840B1084831460F
:1059200000F080FA6FF00A00B0E70025D2E7002D02
:10593000F4D186F31188BFF36F8FF3E7B40C002026
:10594000C70E0020F8B583680546002B3FD0234AD8
:10595000926893423ED1C368012B03D9013BC360D7
:105960000020F8BDEFF31187202383F31288BFF3E3
:105970006F8F0169806802F0F4FF2C68A54207D19F
:105980000023C5E9023387F31188BFF36F8FE7E780
:10599000002CF5D0D4E9003213605A60637B0026F6
:1059A00023F002036373C4E90066A66004F11800E3
:1059B00003F0BBF8AC6094F90E302B612046A6676B
:1059C00003F01EF80648394600F02CFAC8E76FF0DD
:1059D0001500C6E74FF0FF30C3E700BFB40C00204E
:1059E000C70E002070B5EFF31186202383F31288D1
:1059F000BFF36F8F0468A0421AD0CCB1D4E9003253
:105A000013605A60637B002523F002036373C4E9CB
:105A10000055A56004F1180003F087F82046A5673B
:105A200002F0EEFF31460848BDE8704000F0FAB9D8
:105A3000D0E902329A4218BF0133836086F311889D
:105A4000BFF36F8F70BD00BFC70E002013B5EFF31B
:105A50001181202484F31288BFF36F8F846844B1CE
:105A6000013C846081F31188BFF36F8F002002B086
:105A700010BD52EA030406D181F31188BFF36F8F82
:105A80006FF00F00F3E7CDE900230246014800F074
:105A900035F9ECE7C70E00202DE9F043073285B059
:105AA00022F007020E461F461099017300F15803B9
:105AB0007F32C0E916330446002322F03F0204215E
:105AC000836041733F2A0F98A073C4E90633E373E0
:105AD00006F14009A2F1400805D883F31188BFF30D
:105AE0006F8F084602DFB51829462046FCF7D8F923
:105AF00007300E9B20F00700A066C4E918980293B7
:105B00000D9B01932D1A0C9B00932A463B46314670
:105B10002046FCF76BFC00236365044B9B6803B1D4
:105B2000DB6EE366284605B0BDE8F083B40C0020C8
:105B300040F2011383810023C0E91833C366014B8F
:105B400098607047B40C0020094A93686FF00A010E
:105B50009967084958674B6843F080534B600023AE
:105B600083F31188BFF36F8F9368986F704700BFFE
:105B7000B40C002000ED00E070B590F90D20437BDF
:105B8000002A36DBD90634D11B4C63F07F03224652
:105B9000437352F8183FE169934207D1C0E90021ED
:105BA0000860E06111E09942F8D01B68002BF5D045
:105BB00090F90E5093F90E60B542F4D0AE42F2DD8A
:105BC0005968C0E9003108605860A569954200D065
:105BD00005B9E568A3685A7BD20604D1DA897F2A21
:105BE00001D9AA6932B1AB4202D0284600F004FBC9
:105BF000656170BD6361FCE7B40C002038B590F9B5
:105C00000D20437B002A014604DA03F07F0343732F
:105C100002F0BCFE0D4D2A46AB6852F8184F944274
:105C200000D004B9EC688B4207D05A7BD20604D16D
:105C3000DA897F2A01D9A2692AB1A34202D020467B
:105C400000F0DAFA23466B6138BD00BFB40C0020C7
:105C5000B3F1FF3F08BFB2F1FF3F03D00249183054
:105C600000F06CBB704700BF7B8A000070B590F9F4
:105C70000D20437B002A014604DA03F07F034373BF
:105C800002F084FE4B7B1C4C63F07F0322464B7377
:105C900052F8183FE069934207D1C1E90020016042
:105CA000E16111E09842F8D01B68002BF5D091F922
:105CB0000E5093F90E60B542F4D0AE42F2DD586852
:105CC000C1E9003001605960A569A368954200D020
:105CD00005B9E5688B4207D05A7BD20604D1DA8930
:105CE0007F2A01D9AA692AB1AB4202D0284600F026
:105CF00083FA2B46636170BDB40C0020F8B50E4BDF
:105D00000C4611460D4A98681060DDE90667EFF30E
:105D10001182202282F31288BFF36F8F9D6828467C
:105D200002F046FE284632463B46FFF791FF2046EA
:105D3000BDE8F840FFF708BFB40C0020D40C0020E9
:105D4000F8B50446EFF31187202383F31288BFF3DD
:105D50006F8F437B03F01F02002A0CBF0126002631
:105D600049B239D103F07F03437302F00FFE2C4D8B
:105D7000437B817363F07F032A46437352F8183FD5
:105D8000934227D1E869C4E900200460EC610FE088
:105D90009842F8D01B68002BF5D093F90EC06145EE
:105DA000F6D08C45F4DD5968C4E900310C605C60C4
:105DB000AC69944200D004B9EC68AB689C4202D054
:105DC000204600F019FA6C6187F31188BFF36F8FDA
:105DD0003046F8BDE869DEE79B071ED5856802F00E
:105DE000D5FD81732B689D4209D16B68C4E90053CE
:105DF0001C606C60E8E76A689342F6D01B68002B71
:105E0000F3D093F90E209142F5D08A42F3DD5A681F
:105E1000C4E9003214605C60D6E78173D4E700BF48
:105E2000B40C002049B9EFF3058030B9054B5A692D
:105E30009B689A4201D0FFF787BE81F31188BFF3B8
:105E40006F8F7047B40C0020034648B9EFF305820A
:105E500032B9064A51699268914201D0FFF774BE87
:105E600083F31188BFF36F8F704700BFB40C00201D
:105E7000EFF31181202383F31288BFF36F8F054B5B
:105E80009A68D37B013BD37381F31188BFF36F8F83
:105E9000704700BFB40C002070B5EFF311862023CB
:105EA00083F31288BFF36F8F144DAB68DA7B013236
:105EB000DA732A4652F8184F944200D004B9EC68BD
:105EC0005A7BD20604D1DA897F2A01D9A2692AB184
:105ED000A34202D0204600F08FF923466B6186F37F
:105EE0001188BFF36F8FEFF31180202383F31288A3
:105EF000BFF36F8FBDE87040FFF7A6BFB40C002062
:105F0000024B03F11802C3E906227047B40C0020CB
:105F100070B5EFF31186202383F31288BFF36F8FE0
:105F20001B4CA168E0690B68814214BF1A4600222D
:105F300049680B605960A368E1692AB9154AC3E949
:105F400000210B60E3610CE093F90E0092F90E5012
:105F5000A84218D0854216DD5168C3E900210B60C4
:105F60005360A5690B4B9D4200D005B9E568A36855
:105F70009D4202D0284600F03FF965613046BDE8F9
:105F80007040FFF7E1BD8A42D8D01268D5E700BF64
:105F9000B40C0020CC0C0020F8B550EA01030646F2
:105FA0000C4603D1FFF7B4FF0020F8BDEFF31187D3
:105FB000202383F31288BFF36F8F124D124BA86812
:105FC0001860FFF71BFEA8681049234632461830B8
:105FD00000F0B4F9AA68537B43F0040353730446FA
:105FE0003846FFF7B1FDAB68D3E90A23B3F1004FA0
:105FF00008BF002AD8D102F0C0FD201A20EAE070C4
:10600000D3E700BFB40C0020D40C00207B8A000032
:1060100038B50446EFF31185202383F31288BFF3CC
:106020006F8F437B5B070FD5183002F07EFD637BDB
:1060300023F0040320466373FFF79EFD29460548BD
:10604000BDE83840FFF7EEBE85F31188BFF36F8FD0
:1060500038BD00BFC70E0020014B9868704700BFD5
:10606000B40C00202DE9F8430446077BEFF31185BB
:10607000202383F31288BFF36F8F437B190705D565
:1060800085F31188BFF36F8FBDE8F883D90943F01A
:1060900008025AD14273A36813B1204602F07EFC75
:1060A00004F1180002F041FDA66D04F15808B04556
:1060B00011D04FF0000976B1304602F06FFC06F1C6
:1060C000180002F032FDC6F878903046FFF754FD14
:1060D000A66DB045EFD1DFF8B880D8F808309C4203
:1060E0003BD1EFF30589B9F1000918BF4FF0010961
:1060F000D8F81860274A964200D00EB9D8F80C603C
:10610000B34202D0304600F077F8C8F81460B9F115
:10611000000F02D02048FFF70BFDD8F808309C4252
:1061200031D1EFF3058373BB227BD20718D4284605
:10613000FFF70AFDFB07A7D5002383F31188BFF300
:106140006F8F0423184602DF9EE703F07F0343F0BE
:106150000803437302F01AFC9DE74FF00009C7E7FC
:1061600085F31188BFF36F8F83F31188BFF36F8FAF
:106170000423184602DFEFF31180202383F31288F3
:10618000BFF36F8FD4E785F31188BFF36F8FD1E72B
:10619000B40C0020CC0C0020F8040020044BC01AE2
:1061A000044BC0105843044B01221A54704700BFDF
:1061B00078050020ABAAAAAAC70E0020C3897F2BAE
:1061C00012D80A4B1B6863B1094B90F90E201B686B
:1061D0009A4209DB437BDB0606D1064BC31A18BF84
:1061E000012303F0010070470023FAE7F4000020C8
:1061F000D80C0020F803002070B50E4B0E4C1E7C0E
:1062000006EB460304EBC3040546204602F08DFC72
:106210000A4B002228469A55FFF7D0FF48B1084B99
:1062200008491A68013A2046D317BDE8704000F0CB
:1062300085B870BDB40C002078050020C70E002082
:10624000F40000209D61000038B5EFF31185202394
:1062500083F31288BFF36F8F104B114A9C6810684C
:10626000A04206D1FFF7C8FF85F31188BFF36F8FF7
:1062700038BD00211B7C11600A4AD35C002BF3D08F
:106280002046FFF79BFF0028EED0637BDB0602D1A0
:106290002046FFF7EBFC2046E4E700BFB40C0020EB
:1062A000D40C0020C70E00200748084A084908B54A
:1062B000121A02F0EAFA0748074A0849BDE80840FE
:1062C000121A02F0E2BA00BF00000020D401002040
:1062D000E49B00000000002000000020E49B000080
:1062E000024B1868984208BF00207047F800002051
:1062F000034B1B680BB9FDF7EFBC0020704700BFD4
:10630000DC0C002030B570B10B4B5B6898420AD0B2
:10631000036843B1D3E90421D0E90445121941EBE4
:106320000501C3E90421D0E9003213605A6000235B
:10633000C0E9003330BD00BFF8000020B3F1FF3FDB
:1063400008BFB2F1FF3F2DE9F84F044699461546C4
:106350001F467BD08160EFF31188202383F31288DE
:10636000BFF36F8F013279F1FF33DFF8E8A020DB54
:10637000FFF7BEFFDAE90027013549F100092D18C2
:1063800049EBE073C4E90453AD18064643EB070735
:106390004FF00109FFF7A4FFDFF8BCE0DEF804A02E
:1063A0000346EBB9C4E900EACAF80040CEF804405D
:1063B00028E0DAE900126FF001035B1A4FF0FF31B9
:1063C00061EB02025B1B62EB0902012B72F100011F
:1063D000BCBF01230022C0E904324FF00009D9E715
:1063E000D3E9041CD4E904208A4270EB0C0B24DAB4
:1063F000891A5A686CEB0000C3E90410C4E9003242
:1064000014605C60FFF76CFF84420ED1134B1B6875
:106410005BB9B9F1000F02D1FFF76AFF06463046BB
:1064200002F06CFB0021FDF729FC88F31188BFF313
:106430006F8F28463946BDE8F88F521A60EB0C0082
:106440009A45C4E90420ADD01B68AAE700252F4671
:10645000EFE700BF90050020F8000020DC0C0020D2
:106460002DE9F047EFF31185202383F31288BFF362
:106470006F8FDFF8A490DFF8A480C9F80000FFF761
:106480002FFF00260027D9F80030D8E900ECD917F3
:1064900050B1D0E90442A34271EB020A1CDAE41ABB
:1064A00062EB0102C0E9044213EB0E034FF000045B
:1064B0004CEB01012046C8E90031C9F8004002F068
:1064C0001DFB2146FDF7DAFB85F31188BFF36F8FC3
:1064D000BDE8F047FFF7B8BE14EB0E024CEBE473D7
:1064E000C0E90467C8E90023FFF70CFF85F31188B2
:1064F000BFF36F8F83689847EFF31185202383F3F1
:106500001288BFF36F8FD9F800301B1BC9F8003019
:10651000FFF7E6FEB7E700BFDC0C00209005002087
:1065200010B5EFF31184202383F31288BFF36F8F2C
:10653000FFF7DEFE054A0346D2E90001181841EBD9
:10654000E37184F31188BFF36F8F10BD90050020B5
:10655000F8B50446EFF31187202383F31288BFF3C5
:106560006F8F026822B187F31188BFF36F8FF8BD78
:10657000D0E90A36581C46F10001022871F10001E9
:1065800027D3012B76F10001BCBF012316465D1E07
:1065900046F1FF3602F0F5FA013041F100014019F1
:1065A00046EB0101012871F1000139DB02F0E9FA43
:1065B000013041F100016FF00102401946EB010387
:1065C000121A4FF0FF3161EB030318492046FFF721
:1065D000B5FE236B01332363236A6BB187F3118804
:1065E000BFF36F8F236A20469847EFF3118720236C
:1065F00083F31288BFF36F8F54F8185FA542B2D0AF
:10660000002DB0D0284602F00AFA0023AB6787F3CA
:106610001188BFF36F8F2846BDE8F84002F0F0B94B
:106620006FF001024FF0FF33CFE700BF516500006C
:106630002DE9F04105461C4690461F46EFF31186B2
:10664000202383F31288BFF36F8FB4F1FF3F08BF9D
:10665000B2F1FF3F05D186F31188BFF36F8FBDE81C
:10666000F081531C74F1FF3309DB012A74F100033C
:10667000BCBF0122002412F1FF3844F1FF37284645
:1066800002F053FADDE906010023C5E90A012B6394
:1066900042463B4628460249FFF750FEDBE700BF73
:1066A0005165000010B50A4C23681BB1012323601B
:1066B000002010BD00F0EAF80028F7D001380628C5
:1066C00003D8044B53F8200010BD034810BD00BF91
:1066D000E00C0020A4970000FE8FFFFFBFF34F8F58
:1066E0000549064BCA6802F4E0621343CB60BFF36E
:1066F0004F8F00BFFDE700BF00ED00E00400FA058A
:1067000010B4094B09490A4C4FF0FE32C3F800247B
:106710004968C3F80424C3F80824C3F80C240023F0
:10672000C4F8003510BC084700B00250000100203A
:1067300000A00250D0E90012014BC3E900127047DB
:106740000001002010B5044650B1636813F0685F83
:1067500005D0064A934202D000232360626010BD38
:10676000034B04485B689847EFE700BF2C5F5CA9C8
:1067700000010020C0970000C8B143680D4A934251
:1067800013D013F0685F0ED0012350E8002F194694
:1067900040E8001C9CF0000FF7D1012AF5D0BFF3B0
:1067A0005F8F0020704704487047044870476FF4BB
:1067B000E04070472C5F5CA9E98FFFFFEA8FFFFF85
:1067C00080B14368094A93420AD013F0685F05D04C
:1067D000BFF35F8F0023036018467047044870477B
:1067E000044870476FF4E040704700BF2C5F5CA91D
:1067F000E98FFFFFEA8FFFFF10B5044620B1044B7D
:1068000063600022226010BD0248FFF779FFF6E7BF
:106810003A00003AE897000070B5D0E90023174C21
:10682000174D6360D0E90230C4E902302260486845
:10683000D1F800C0134BC3E900C0D5F81801D1F856
:1068400008C0C3F808C010F0685FD1F80CC009692F
:10685000C3F80CC0196110D00B49C5F8BC11002356
:10686000C5E9453105F58A70C5F8B8319047236808
:1068700005F5DC70BDE87040184770BD1C010020B4
:10688000F80C0020080100202C5F5CA938B500F04E
:106890002FF820B1032400F063F8204638BD00F043
:1068A00031F898B900F0ACF898B90F4DD5F82839FF
:1068B0001B0EF02B08D1D5F8242A0C4B9A420AD093
:1068C000072400F017F8E6E70624FAE70424204638
:1068D00038BD0024F5E7012000F092F804460028B6
:1068E000F7D1C5F80C0AD8E700B002500000E0204C
:1068F0000020704700207047014BC3F8040A70471E
:1069000000B0025010B5114800F048F800B110BDB9
:106910000F4800F043F80028F9D10E4C204600F053
:106920003DF80028F3D10C4B0C481C6000F036F801
:1069300001460028EBD100F02DF8044608B12046AE
:1069400010BD00F03FF82046FAE700BF5C010020D0
:1069500058010020540100204C010020500100206B
:1069600008B5084800F024F8074800F021F8074867
:1069700000F01EF8064800F01BF8BDE8084000F0E3
:106980000BB800BF5C01002058010020540100201A
:106990005001002000207047704700BF08B5034B2E
:1069A00002681B6810689847002008BD1C01002081
:1069B00008B5034B02685B6810689847002008BD63
:1069C0001C01002070B5094C094D2069AB6898473F
:1069D00018B1084B08485B689847084AEB6820697B
:1069E00000211160BDE87040184700BF0801002079
:1069F0001C010020000100200C980000F40C002075
:106A0000F8B51A4D1A4E0446B26828699047E8B99D
:106A1000184F3B684CB1A3B1012B19D0013B3B602F
:106A20002869F36898470020F8BD43B9124A01214C
:106A3000C2F800151149D1F81029002AFBD1013301
:106A40003B60F368286998470020F8BD0C48F8BD02
:106A50000A4AD2F81039002BFBD1074A6FF07E406A
:106A6000C2F80035FFF748FF3B68D7E70801002070
:106A70001C010020F40C002000A0025000B00250C5
:106A8000E98FFFFF2DE9F04101260746B24201DC04
:106A9000BDE8F0813B461F4613F8014B002CF7D0B0
:106AA000252CF8D11C78252C07F10207F2D0002301
:106AB000DFF804819C461D461F2D18D8A4F1200E36
:106AC000BEF1100F09D9A4F1300EBEF1090F1ED886
:106AD0000A2404FB03E3202504E028FA0EFE1EF03E
:106AE000010F06D017F8014B002CE5D128E07F2DCF
:106AF0001CD8A4F1300EBEF1090FE9D9242C10D115
:106B0000BCF1000F46D0B34246D00023EAE724F0A0
:106B1000040EBEF12A0FF8D06C2C09D145F0800587
:106B2000E0E724F0040EBEF12A0FEED06C2C22D048
:106B30006C2C1BD8682C23D06A2C28D04C2C26D047
:106B4000BCF1000FA4D0B445A0D144F02007A7F1B8
:106B5000650CBCF1020F0B6801D9612F1ED1073300
:106B600023F0070308330B6001368EE7742CB9D08D
:106B70007A2CB7D0E4E72C0648BF45F40075CDE782
:106B8000EC0548BF45F4007545F48075AAE745F467
:106B90002075A7E79C46B8E76324D6E7692C02D0A6
:106BA00007D8632C03D02F0601D5AC05D7D4043306
:106BB000D9E7732CF6E700BF892801002DE9F04FD3
:106BC00095B043680393837880469807CDE908120F
:106BD00017D50D920B4600251F78A7B1252F16D08B
:106BE00001330793039B414638469847002805F137
:106BF000010580F2398498F8023043F0040388F8E4
:106C000002304FF0FF35284615B0BDE8F08F5F78B1
:106C10009A1C252F0792E5D000242646A246A346BB
:106C2000BBF11F0F32D8A7F12003102B0AD8DFE8E1
:106C300003F02409092A0909091B0909092209275E
:106C400009091900A7F13003092B2DD92A2F39D1B1
:106C500054B90D9B1BF0400F53F8042B0D9329D012
:106C6000164601E04BF0010B079B13F8017B0793DD
:106C7000002FD5D15BE04BF0020B4BF0040BF3E798
:106C80004BF0080BF0E74BF0100BEDE7BBF17F0F7B
:106C90003FD8A7F13003092BD8D81BF0400F03D001
:106CA0000A2202FB0636DFE70A2202FB0A3A4BF011
:106CB000200BD9E7B2F1000AF9DACAF1000A4BF069
:106CC000280BD1E72E2F05D11BF0400F9BD14BF0A5
:106CD000400BC9E7242F1CD1002C00F04281099BF6
:106CE0000D931BF0400F0AD1524608980DA9FFF7EB
:106CF000C9FE0D9B1A1DD3F800A00D92B4E73246D1
:106D000008980DA9FFF7BEFE0D9B1A1D1E680D9277
:106D1000AAE76C2F00F0128100F20981682F00F0C1
:106D200015816A2F00F01A814C2F00F0178134B1C1
:106D3000099B08980D9322460DA9FFF7A3FE002E8C
:106D400047F02009B8BF2BF0400BA9F16503BCBF89
:106D50001FFA8BFB0026022B40F20881B9F1610F6C
:106D600040F06782FF4307F0200306930D9B073333
:106D700023F007031BF0400FD3E9000103F10802E1
:106D800008BF4FF0FF36069B0D9200930EAA3346C4
:106D900002F060F80130C3B2B3424BF4C054049324
:106DA00001DB049B5E1E01230E9F0593A3464FF05B
:106DB000700907F10903122B0DD907F16303C62BE4
:106DC00040F20F8107F2E73340F2CE72934294BF54
:106DD0000323042305939DF83C2002F00C0312F0DA
:106DE000010240F019811BF0020F40F012811BF0EC
:106DF000040400F0F880002B40F0118120231BF4E4
:106E0000405F1FD1049A5032002E6A4408BF012609
:106E1000133A049921B112F8011D302900F036818E
:106E20001BF0100F049A18BF3246391DC0F233818F
:106E3000B74280F23081BA424BF4005B40F32D81BF
:106E40007E1C961B1BF400520A9200F0288127EA50
:106E5000E774013403B10134002E00F02881721C64
:106E60001444A245CCBFAAEB040400241BF0090F74
:106E700004D12C44A54240F01F81002443B11846A0
:106E80004146039B9847002805F10105FFF6B3AE84
:106E90001BF4006F13D0039B414630209847002815
:106EA000FFF6A9AE069BC3F178004146039B00F0B4
:106EB000F8009847002805F10205FFF69CAE1BF08C
:106EC000080F05D12C44AC4240F002812546002435
:106ED0000A9B002B00F01C8127EAE77AA7EB0A0740
:106EE0007642049BBB4284BF0EABFB180AF1FF3A0B
:106EF00088BF5879039B98BF3020564505F101099A
:106F0000414600F3EF809847002807F10107FFF69C
:106F100072AEBAF1FF3F08D1039B41462E2098473D
:106F20000028FFF668AE05F102094D46D9E7742F37
:106F30003FF49AAE7A2F3FF497AEF8E61BF0800F3D
:106F400018BF4BF4007B4BF0800B8DE61BF4807F69
:106F500018BF4BF4007B4BF4807B85E64BF4207B21
:106F600082E62646B3465446B2467DE6FF4307F026
:106F7000200306930D9B073323F007031BF0400FFC
:106F800003F1080208BF0626B9F1650FD3E9000135
:106F90000D9213D1731C0022DBB24BF4805B1446BC
:106FA000112BCDE9002428BF11230EAA00F0FCFA12
:106FB000C3B2049302230E9F0593FAE6B9F1660F5C
:106FC00005D14BF4005B344601221123E8E7F3B20C
:106FD000012B4FF0000238BF012314464FF0650922
:106FE000DEE70223F6E6002B3FF409AFBAF1030F08
:106FF0003BDC9DF83C30A64E13F0080FA54B08BFB4
:107000001E463746B94617F8010BB0BBAE1BB1445C
:107010007BE033BB2B23F2E62BBB2D23EFE62022B4
:10702000BAF1040F13DD1BF0080FAAF104040FD10D
:107030002C44039B0492414620209847002805F1E8
:107040000105FFF6D8ADA542049AF2D19AB1002409
:10705000039B414610469847002805F10105C8DA10
:10706000C9E52B22DCE72D22DAE71BF0080FAAF195
:107070000304BED1DCE71446BBE7069BC01A4146B9
:10708000039BC0B298470028BCDAB4E504990139E3
:10709000C9B20491BDE6561ED4E60026D2E61BF422
:1070A000006F059A0CBF032405241444D2E61BF09C
:1070B000100F18BF0134D4E60B934146039B2020E8
:1070C000984700280B9B05F10105BFF6D3AE92E56A
:1070D000039B414630209847002805F10105BFF683
:1070E000F2AE88E598470028FFF685AD1BF0100F3B
:1070F0000BD0BAF1FF3F08D105F1020941462E201D
:10710000039B98470028FFF676AD4D464C4433E28A
:107110009DF83D00039B414698470028FFF66BAD64
:10712000002E69DD039B41462E2098470028FFF67C
:1071300062AD4FF0010A049B9A45BBBF0EAB5344AE
:1071400030205879039B414698470028D346FFF6E4
:1071500052AD0AF1010A5645EDDA02355D44069B4F
:10716000A9EB03004146039BC0B298470028FFF6F5
:1071700042AD002FB4BF2D202B20039B4146B8BF4A
:107180007F4298470028FFF636AD059B042B41D17E
:107190004FF47A79B7FBF9F606F13000039B4146CC
:1071A000C0B29847002805F10305FFF624AD09FB9E
:1071B00016774FF06409B7FBF9F606F13000039B30
:1071C0004146C0B29847002805F10105FFF613AD0E
:1071D00009FB16774FF00A09B7FBF9F606F1300004
:1071E000039B4146C0B29847002805F10105FFF610
:1071F00002AD09FB167715E01BF0100F01D1013528
:10720000ADE7039B41462E209847002805F1020573
:10721000A5DAF0E4059B032B05F10205C9D0059B17
:10722000012BD7D107F1300005F101094146C0B269
:1072300066E7A7F16303122B00F2FF80DFE813F08B
:1072400013005700FD00FD00FD00FD005700FD008C
:10725000FD00FD00FD00FD001701F800FD00FD0030
:107260002C00FD00B9000D9B1A1D1B680D928DF8B6
:10727000383001240EAF1BF0080F2ED03E19B9464E
:10728000B1452CD1EF1BB944AAEB04043DE700BF84
:10729000D89B0000D49B00000D9B1A1D0D921F6807
:1072A000AB4B002F08BF1F461BF0400F14BF3146E9
:1072B0004FF0FF31384601F0A4FC0446DBE7039BA6
:1072C0004146202098470028FFF695AC013EB44285
:1072D000F5D35544AD1BB246D0E75646F7E719F84B
:1072E000010B039B414698470028C9DA83E41BF051
:1072F000800F0D9B35D01BF4007F2DD0073323F07A
:107300000703D3E9000103F108020D922BF01009E5
:1073100000291FFA89F936DA404261EB410149F44C
:1073200080690DF1380B0A235A4601F076FC19F0FA
:10733000400FA0EB0B0B65D029F001025E4592B225
:1073400040F3B280002F00F0A98019F010033446FA
:10735000914626D002345CE01A1D18680D92C117C0
:10736000D4E71A1D1BF4807F19680D9201D10846DD
:10737000F5E71BF4007F15BF48B208B241F3C01116
:1073800041F3C031C2E750EA0103CAD11BF0400FFC
:10739000C7D0002EC5D12BF0110B1FFA8BF9344644
:1073A000B34640F2064319EA03031CBF013400232D
:1073B0002FE02BF0100B1FFA8BFB0A231BF080042D
:1073C0000D9A57D01BF400711DBF073222F007023F
:1073D00002F10801101D19BF0D91D2E900010D90B5
:1073E000106850EA010252D12BF016091BF0400F31
:1073F0001FFA89F94FD0002E4DD12BF0170B1FFA31
:107400008BF9B34619F0100352D0002F4ED10BF177
:10741000010419F0080F5ED119F0010F06D0A24542
:107420006EDDAAEB040404EB0B06544622464DE045
:107430004BF0100B10237827C0E7B9F1780F04D177
:10744000C7F1780343F01003B8E7039B41462520BA
:1074500098470028FFF6CFAB039B41463846984734
:107460000028FFF6C8AB0235079BFFF7B5BB082322
:107470000027A3E7111D0D911BF480711068B0D097
:107480001BF400711ABFC0B2214680B2A9E72BF0ED
:10749000060B1FFA8BF90DF1380B45E729F011099E
:1074A0001FFA89F934467CE79146ABE75C4651E721
:1074B0005C4676E7CDE904234146039B20209847AC
:1074C0000028FFF698AB049A059B01329245F1DC47
:1074D0002C1BA5181446F3B1039B41463020984756
:1074E0000028FFF688AB6FB90135A9462E44A6EBFC
:1074F00009035B4521DC5D460EAE5DBBD944C3E6A6
:107500005E4693E7023541463846039B984700287C
:10751000EBDAFFF770BB40F2064319EA030FE4D041
:1075200019F0020F14BF2B20202019F4806F05F1F1
:107530000105414618BF2D20E7E7039B4146302057
:107540009847002809F10109D1DAFFF754BB00BFC1
:10755000DC9B0000013D039B705D4146984700287D
:10756000CBDAFFF748BB039B414620209847002811
:1075700005F10105FFF63FAB631B002BF3DC73E75E
:107580001FB502AB0093074A4FF0CC3301F028FC43
:10759000DDE90201C00840EA4170C90805B05DF8A4
:1075A00004FB00BFCDCCCCCC2DE9F04F9BB0044602
:1075B00005920A460A93C2F30A559DF890300B9340
:1075C000D20FC1F313030992090D7DB950EA0302EA
:1075D0001BD1059A30235371099B156043F00203B8
:1075E0001371012738461BB0BDE8F08F40F2FF72DF
:1075F00095424AD10343099B059A14BF43F00803FF
:1076000043F0040313710027ECE700F00102089235
:107610004FEA83080122AC4D48EA907887009A46E9
:107620001646C5F1000B5846069200F011FAB5F166
:10763000FF3FACBF8146A0F10109ABEB090B09EBA1
:1076400005035846049300F009FA16A9A0F17D0538
:10765000584600F023FA12AB069A0193A9EB0505F0
:1076600010AB0292009320462B4616AA514601F019
:10767000FCFAB9F1010F04460D4600F2D280089BD6
:10768000002B40F0C58001276BE043F4801A00F026
:1076900001024FEA8A080343A5F23545089248EAF9
:1076A00090784FEA800749D140F2FE7319420CBF2F
:1076B00001260026002D3246B3DB284600F0C2F931
:1076C000032DC8BF0138049000F0C8F9049B7C303A
:1076D0005D1B054416A9184600F054FA12AB01933D
:1076E00010AB009320462B46029616AA514601F095
:1076F000BCFA049B152B04460D4600F2868014ABA1
:10770000724A009338464FF0CC33414601F068FB93
:10771000149B159A9B0843EA827303EB8303BB42D5
:10772000DDE9109A0CD13846414600F09FF9049BE0
:1077300083428CBF00270127002612E00126B9E70B
:10774000089B002B51D1013F48F1FF31B81B61F17B
:10775000000100F08BF9049B089F83428CBF002638
:1077600001260B9B002B40F09180DDF828B04FF0F4
:107770000008CDE906884FF00A0ADDE91001FFF79D
:10778000FFFE129B0E93CDE90C0118461399FFF7EB
:10779000F7FE0C9B0D9A0F9198420B469341814640
:1077A00080F08E8020462946FFF7EAFE0E9A0AFBFB
:1077B00009F3934214BF002606F001060C9B1093B8
:1077C0000D9BCDE911390F9B1393079BB8F1000F67
:1077D00014BF002707F0010701330AFB10485FFAC6
:1077E00088F8079304460D46C7E7B81C48F1000126
:1077F00000F03CF9049B83428CBF00200120B9EBD0
:1078000000006AF10002CDE9100200273E46A8E719
:10781000109B119A013B42F1FF32CDE91032012752
:107820008AE7B9F13E0FF0D84FF0FF33A9F12000FD
:1078300003FA09F203FA00F0C9F1200123FA01F179
:1078400002430A4303FA09F327EA030728EA020876
:1078500057EA08070CBF012700276DE700FB02FC71
:10786000A1FB0012013362448C4275EB020CF5D28D
:10787000049ADDF828B01344259A1344D20F93429A
:10788000B8BF13469B45A8BF9B4670E70A2100225C
:1078900001230846E8E70AFB03F0A2FB0A230131B3
:1078A0000344944275EB0300F5D2594510DDBBF15A
:1078B000000F02D154EA05030AD00123069371E7B1
:1078C0000A2200230121ECE7CCFBFFFFCDCCCCCC7E
:1078D000002E2FD04FF00A0A129B13990D931846D1
:1078E000FFF74EFE0D9B0C910AFB00F29A42814677
:1078F00020D1DDE91001FFF743FE0E900D912046E7
:107900002946FFF73DFE0D9B0E9A1092CDE91139E5
:107910000C9B1393079BB8F1000F14BF002707F0CF
:10792000010701330AFB10485FFA88F80793044601
:107930000D46D1E7DDF81090079B9944002F5AD0EF
:10794000B8F1050F57D114F001034AD1069A32B9A4
:10795000DDE912239D4208BF94425FD0069B1819AF
:107960004FF00A0445F10001002201262546A042FD
:1079700071EB020755D2EBB1B3451BDA0B9B6BB130
:10798000259ADDF828B006EB09031344012BB8BF94
:1079900001239B45A8BF9B465E450BDD05304FF09C
:1079A0000A024FF0000341F10001F9F7C1FA09F1B1
:1079B0000109013E5E45A8BF5E4637B20FFA89F95C
:1079C000059B09FA86F607F10508013E98444FF039
:1079D0000009B9452CDB059B1A461E60099B1371F3
:1079E00000E6069B2BB9DDE912239D4208BF9442B5
:1079F00009D00123B3E7069B53B9DDE912239D4269
:107A000008BF944204D1089B002BF2D1002EF0D085
:107A1000B8F1040F94BF00230123A0E74FF004083E
:107A2000F1E705FB02F7A4FB054201363A449EE765
:107A30000A220023F9F77CFA303208F8012D09F107
:107A40000109C6E7014B5843800C704741340100DF
:107A5000014B5843000D7047FB2E0B00024B58435F
:107A6000C00C0130704700BF4F9312000A4A70B536
:107A700003464FF0CC3600204FF0333506FB03F4BD
:107A800002FB0144A3FB023121449D4275EB01043A
:107A900001D30130F2E770BDCDCCCCCC2DE9F04F55
:107AA0001A23354EB0FBF3FA03FB1A0389B00446E0
:107AB0000D4606EB0A1653B9D6E90023C1E90023A7
:107AC000D6E90201C5E9020109B0BDE8F08F2B4AF1
:107AD00002EBC303D3E9008904AB0093D6E9022388
:107AE0004046494601F07CF906AB0093D6E90023F5
:107AF00083460F464046494601F072F9DDE90662C9
:107B000016EB0B0652EB07084FF0000328BF0123CA
:107B1000814633B1049B059A013342F10002CDE95D
:107B2000043220460391FFF799FF07461A2000FB15
:107B30000AF0FFF793FF3F1A324643460399009736
:107B4000484601F068F94FEA141C0D4A640004F03D
:107B50001E0352F82C40DC4004F00304241841F1C9
:107B60000001C5E90041DDE90423009730464146A4
:107B700001F051F9A6E700BF3894000068930000B7
:107B80002C9800002DE9F04F1A27DFF8E4A000F14F
:107B90001905B5FBF7F56F433A1A4FEA051B89B093
:107BA00004460E460AEB05150AD1D5E90023C1E9C2
:107BB0000023D5E90201C6E9020109B0BDE8F08F52
:107BC0002C4B03EBC203D3E9008904AB0093D5E946
:107BD00002234046494601F003F95AF80B206B682E
:107BE000013ACDE9020106A963F100030091404684
:107BF000494601F0F5F8DDE906528A4602996D180A
:107C0000039952EB01084FF0000328BF012381467E
:107C100033B1049B059A013342F10002CDE90432ED
:107C20003846FFF71BFF07462046FFF717FF3F1AAE
:107C30002A46434600974846514601F0ECF84FEA81
:107C4000141C0D4A640004F01E0352F82C40DC4062
:107C500004F003040134241841F10001C6E9004195
:107C6000DDE9042300972846414601F0D4F8A2E755
:107C7000089500006893000080980000704708B5E0
:107C800000F0B2F8002008BD2DE9F0470446084690
:107C900011461D46F8F756FE29460746F8F75CFFE1
:107CA000E168D4F800A08046F8F74EFE2169E06054
:107CB00006463846F8F746FE2946F9F701F8A16866
:107CC00005465046F8F748FF01462846F8F744FFB6
:107CD000616805465046F8F7F3FF3146F8F73CFF78
:107CE000394681465046F8F737FF01464846F8F7CF
:107CF0002BFE01462846F8F727FED4F818900546D3
:107D000001464846F9F7C6F830B141463046F8F723
:107D100019FE4D46E06007E0D4F814902946484625
:107D2000F9F7D6F80028F0D127612846F9F7DAF8F4
:107D3000BDE8F08708B500F024FF4FF47A72A0FB8D
:107D4000020302FB0131C00B40EA4140C90B08BDF0
:107D500010B403460068197983689C697CB1026994
:107D6000012312688B401342A44618BF4FF00073E2
:107D700010BC08BF4FF080634FF0A072604710BC8A
:107D8000704703460A4600681979012303FA01F196
:107D900003691B68194218BF82F0010212B183689F
:107DA000DB68184783681B69FBE7F0B403460A46A3
:107DB0001979DB8800681343DC028768066906D5F9
:107DC00013F4402F03D0DA0748BF83F4402334680C
:107DD00001258D4023F48012DB074CBF2C43AC43BC
:107DE00034603B68F0BC18477047836800EBC10102
:107DF000B3F5004F2CBF51F8220031F81200704744
:107E000000EBC1018068B0F5004F2CBF41F8223073
:107E100021F81230704708B50122FFF7E6FFD04085
:107E200008BD8368B3F5004F00EBC10108D34B6870
:107E30001AB143F001034B60704723F00103FAE7E6
:107E40004B881AB143F001034B80704723F00103C4
:107E5000FAE753000122FFF7D3BFB0F5004F34BF5C
:107E600004230823481C0833A0EBD300B0FA80F0A9
:107E7000C0F11F0070472DE9F0410D4686680446A9
:107E8000FFF7C9FFB6F5004F014601D3012832D0F4
:107E90003046FFF7E2FF04EB80010E6996B9E36814
:107EA000012282401343E36002220D612B462946E2
:107EB0002046FFF7A5FF032229462046BDE8F041F2
:107EC000FFF79EBF022231462046FFF78EFF29466C
:107ED000034607462046FFF793FF03223346294611
:107EE0002046FFF78DFF39462B462046FFF788FFD7
:107EF00002223146E1E7BDE8F081B2F5802F2CBFC8
:107F000008230423D21A2DE9F0418C18CD1D25F049
:107F1000070524F00704641B0026E40805602146D9
:107F2000AC60EE602046FFF798FF421D92000130E2
:107F300002F107074FEAD707A2F110023146B8BF96
:107F4000324605F1100000F054FE3A46314628460C
:107F5000FFF77FFF3346324631462846FFF750FF92
:107F6000A4EB0708284631460122FFF75AFF424694
:107F70003946FFF76EFF3B46324639462846FFF743
:107F80003FFF21462846FFF764FF4346324621461D
:107F90002846FFF735FF214628460122FFF741FF1B
:107FA0003946BDE8F041FFF766BF002070470FB4C7
:107FB00007B504A951F8040B0191F9F72DFD03B0A1
:107FC0005DF804EB04B07047038B13F0070305D191
:107FD0000368002B0CBF002003207047022B05D143
:107FE000408BB0FA80F0400980007047012B05D12A
:107FF0000368002B0CBF002005207047002070474D
:1080000010B50C4600B111B96FF0150010BD081D78
:1080100000F093F80028F9D1A368032BF6D9F3E711
:108020002DE9F0410D4607461946281D90461E468B
:1080300000F094F8044638B13346424629463846A3
:10804000A446BDE8F0416047BDE8F08110B4EFF30D
:108050001182202484F31288BFF36F8F416110BC1A
:108060000121F9F70BBD38B50C46054658B151B1A1
:108070000B6843B14B6833B11C22002100F0B9FDFD
:108080002C61002038BD6FF01500FBE770B5054688
:108090000E46FFF7B5FF041E14DBEFF31182202319
:1080A00083F31288BFF36F8F6B8B2C8B4FF6FF71AE
:1080B0008B4204F0070407D182F31188BFF36F8F5E
:1080C0006FF00A04204670BD022C0CD101336B8383
:1080D00082F31188BFF36F8F002322463146284672
:1080E000FFF79EFFEEE7062C14D8DFE804F0041338
:1080F0001313041A0400002333606B683BB9C5E90D
:108100000066ACB902212846F9F7B8FCDAE71E6030
:108110006E60F6E782F31188BFF36F8F6FF004048F
:10812000D0E782F31188BFF36F8F6FF08504C9E742
:1081300082F31188BFF36F8FC4E7034658B14268DA
:1081400002F00302012A03D0032A04D1026812B10B
:108150000020986070476FF015007047426881609A
:1081600002F00302032A4FF0000203460CBF00682E
:1081700010465A6070477047FEE7012801D1EFF3BF
:108180000583FDF7EBB901460068FFF7F6BF08B5B8
:10819000F9F782FEBDE80840F9F7A2BE00210120F0
:1081A000FFF7EBBF61B662B680F31188BFF36F8F44
:1081B000704772B6002383F31188BFF36F8FBFF34C
:1081C0004F8F30BF62B6BFF36F8F704772B6002318
:1081D00083F31188BFF36F8FBFF34F8F20BF80F3FE
:1081E0001188BFF36F8F62B67047202809D9B0F1AC
:1081F000004F08D80138B0FA80F0C0F11F004000ED
:108200007047082070473E20704708B5FAF7B8FA63
:10821000002008BDFDF7E6BB0369C9B20C2201FBD3
:108220000233186C00F00700704770B5C9B20369DB
:10823000EFF31185202484F31288BFF36F8F0C268F
:1082400006FB0134246C14F0C00408D0A24206D00E
:1082500085F31188BFF36F8F4FF0FF3070BD06FBC1
:10826000013301221A6485F31188BFF36F8F4368CD
:1082700003EBC1035B6898470020EFE78022FFF71C
:10828000D4BFF8B5069F0469C9B2EFF31186202563
:1082900085F31288BFF36F8F0C2505FB0144256C15
:1082A00005F0070CBCF1010F0CD1276486F311888F
:1082B000BFF36F8FC4E90E23436853F831309847FA
:1082C0000020F8BD05F0C005AF4286F31188BFF36A
:1082D0006F8F0CBF6FF077004FF0FF30F1E713B5F1
:1082E00080240094FFF7CDFF02B010BD10B40069E8
:1082F000CBB21C2403FB0400002110BC104700205B
:10830000FBF7BABE002000F08AB91046FDF76ABB41
:1083100043685B68D3F810350B60002070474368F2
:108320005B6802EA010021EA0201C3F80805C3F80C
:108330000C150020704743685B680020C3F80815DF
:10834000704743685B680020C3F80C1570474368AA
:108350005A68D2F8043521EA03000B40C2F8080538
:10836000C2F80C350020704710B503695868F8B1A1
:10837000884219D19C6808685860A14200D1986071
:10838000002008602AB15A680A609A68596002B9E8
:108390009960002010E0814206D10868206098684A
:1083A0008142EDD19C60EBE7044600680028F2D1E1
:1083B000002AE8D16FF0150010BD30B54368136096
:1083C000057A446804EBC504A34202D36FF00100B0
:1083D00030BD5C798C4201D00833F0E70020F7E72C
:1083E00070474368DB6B0020C2E9003070472DE91D
:1083F000F341BDF820C045680469032906460CF026
:10840000010C5ED8A87F012808BF5B084FF001006F
:1084100008BF52088840002B56D0934257D2276895
:10842000BA4211D0277987434BD19646BEF5004F0B
:1084300042D2226067712A6895F81E80C2F80C75D6
:10844000C2F80485C2F808E5627923FA02F292B212
:108450004FF0010E77688CF00108BF6A42EAC8321B
:1084600027F81120C7B2BEF1000F3FD12A6801F5ED
:10847000AC7152F82120002A0FDBBCF1000F4AD06A
:10848000B3FA83F35B093BBB01A80192FBF7D0F879
:10849000019A01239340C0F80C35217921EA0701A4
:1084A000217139B3A37973BB1023012205F128018F
:1084B0002846FCF719FB22E00137082F4FEA5E0E31
:1084C000B4D16FF015001BE09E461A46C2E74FF08C
:1084D000000E47F6FF72BDE701A80192FBF7A8F86E
:1084E000019A01239340C0F80835D6E723793B432E
:1084F0002371D7E77068FCF735FB0123A3710020D7
:1085000002B0BDE8F0810023A371284600F068F9AD
:108510000028FAD0C8E7003B18BF0123B3E743683F
:108520001B68D3F88004C3F880047047426813685E
:10853000D3F8100150B1D269002012780A70C3F844
:108540001001D3F8102101221A6070474FF0FF305C
:10855000704702680346D2F8580140B95B68DB07F0
:1085600006D4D2F82001003818BF0120704701203E
:10857000704743681B68D3F80423D20517D5D3F896
:108580002021A2B1EFF31182202181F31288BFF3E1
:108590006F8FD3F8201131B10021C3F82011D3F827
:1085A00020110121D96082F31188BFF36F8FD3F8B6
:1085B0005831704713B501AA0446FFF7FEFE0028A4
:1085C00005DB019B226819791868FAF75FFF02B092
:1085D00010BD00F150039B009BB203F1804303F5F3
:1085E000883300221A601B687047FEF75BB808B535
:1085F000F9F766FBF9F73AFCBDE80840FEF752B818
:10860000004700F00EB9C00000F1804000F5F830DE
:10861000C0F81015C0F814257047FCF79BB9FBF79C
:10862000A7BCF7B5019001A8DDE9084716461D462D
:10863000FBF7B4FD019BB6F1000C18BF4FF0010C25
:1086400000EB83000B1E18BF0123002D43EA4C03EF
:1086500014BF4FF00C0C4FF0000C002C43EA0C033D
:1086600014BF4FF4E06C4FF0000C002F43EA0C03F2
:10867000D0F8002714BF4FF4403C4FF0000C43EA01
:108680000C0322EA030301B109780EB136787600B3
:1086900019430DB12D78AD0031430CB1247824027B
:1086A00029430FB13F783F040C433C43C0F80047D7
:1086B00003B0F0BD1FB50DF10F03019300238DF83A
:1086C0000F1000931A461946FFF7ABFF05B05DF88F
:1086D00004FB38B5054608460C46FBF7B1FDB0B1C2
:1086E0000846FBF7A1FD90B90846FBF791FD2A6803
:1086F00001238340C2F808332A6803B202EB8303E4
:10870000D3F8102522F00302C3F8102538BD204607
:108710000021BDE83840FFF7CDBFFBF717BEFFF7DC
:10872000D8BF30B502240C72CA6004680125C4F8B1
:108730000055096879B112F0040F0CBF8221922113
:10874000150748BF41F02001D406046848BF21F056
:108750008001C4F800139B000168083312F0800008
:1087600006BF0122CA50C81830BD30B5A2F58075C9
:10877000AD080124AC400C4207D0815829B100213A
:10878000815082581A6822431A6030BD13B5002305
:108790000C4601934FF4887201ABFFF7E6FF2146C8
:1087A0004FF48A72FFF7E1FF21464FF48E72FFF714
:1087B000DCFF21464FF48272FFF7D7FF21464FF4CA
:1087C0008472FFF7D2FF21464FF48672FFF7CDFF88
:1087D0004FF48C722146FFF7C8FF019802B010BD1C
:1087E000FCF7CEB8A1F5807310B59B08012404FAFC
:1087F00003F318400CD001F1804101F5E041086815
:1088000030B10020086009681168194311602046E2
:1088100010BD08B500210120FCF77CFA0028F9D032
:1088200008BD08B1F9F7F4BF7047704740B1C3689D
:10883000587810F001001EBF1878B0FA80F0400997
:108840007047EFF31183202383F31288BFF36F8FF8
:10885000FEE708B5FFF7F5FF10B54369044633B9E5
:108860000020E268537843F00103537010BD98472D
:108870000028F5D00028B8BF4042E368FF28A8BF11
:10888000FF201870EDE700F0B4B900F0A4B9416919
:10889000836843EA010212F003020FD1C260026949
:1088A000013A01FB023382689A4201D900207047E5
:1088B000C2681A604269C3609B1AF4E76FF0150042
:1088C000704710B5C0E9043200238160836104461B
:1088D000FFF7DDFF0028A8BFC4E9004410BD2DE963
:1088E000F04105460F46EFF31188202383F31288E9
:1088F000BFF36F8FC668F6B90468A0421BD0D4B12D
:10890000D4E9003213605A60637BA66023F002034F
:108910006373C4E9006604F1180000F006F920460C
:10892000A667276100F06CF8414605F10800BDE834
:10893000F041FDF777BA3E60AB69EF60013BAB6198
:1089400088F31188BFF36F8FBDE8F08108B520244C
:10895000EFF3118384F31288BFF36F8FFFF729FCC5
:10896000F6E790F90E308B4201D0FDF7E9B900200F
:10897000704703460020C3E90200C3E90033704793
:10898000EFF30580003818BF01207047D0E90032AE
:1089900013605A600023C0E90033704708B5FFF741
:1089A000F5FF437B23F0020343730023836008BD7C
:1089B00038B504460D46FDF721F9637B43F0020309
:1089C0006373E5B1A5602B689D4209D16B68C4E96A
:1089D00000531C606C6012E06A689A42F6D01B6813
:1089E000002BF3D094F90E2093F90E108A42F3D0A5
:1089F0009142F1DD5A68C4E9003214605C6038BD10
:108A000010B5EFF31184202383F31288BFF36F8F27
:108A1000FDF7B2F884F31188BFF36F8F10BD08B56E
:108A2000EFF31181202282F31288BFF36F8F8368E6
:108A30000BB1FFF7B3FF81F31188BFF36F8F08BD50
:108A400010B50146EFF31184202383F31288BFF39E
:108A50006F8F437B13F0280F0AD183680BB1FFF7A8
:108A60009DFF4B7B23F004034B730846FDF784F80E
:108A700084F31188BFF36F8F10BD01211838FFF701
:108A8000DFBF08B50346EFF31181202282F312887D
:108A9000BFF36F8F0068834207D008B1FFF77EFFF6
:108AA00081F31188BFF36F8F08BD0020F8E738B558
:108AB00004460D46FDF770FAB5F1FF3F08BFB4F16B
:108AC000FF3F0246204618D000204FF47A7447F644
:108AD000FF730146C2FB0431B3F5004F71F1000290
:108AE0000BD36FF400429A4243F6FF728A4126BFCD
:108AF000D80B40EA41406FF0004038BD08B502464F
:108B0000FDF7EEFB70B1D0E904319B1A61EBE27224
:108B1000B3F1004F72F1000104DA002AACBF18462D
:108B2000002008BD6FF00040FBE738B50246EFF3C8
:108B30001185202383F31288BFF36F8F0368CBB1B5
:108B4000FDF7CEFB04461046FDF7DCFB00224FF09C
:108B500000438442C0E9042306D1FDF7C9FBFFF7B7
:108B6000CDFF0021FBF78AF8002085F31188BFF3C1
:108B70006F8F38BD6FF01500F7E708B5FDF7D0FC33
:108B800008BDFDF7CDBC0023C0E9081200F11802B2
:108B9000C0E90622C0E9003303634363704710B5A0
:108BA0000446FFF7C2FFA8B9636A0BB12046984795
:108BB00004F11800FFF765FF60B1FFF721FFEFF345
:108BC0001180202383F31288BFF36F8FBDE810401C
:108BD000FDF73AB910BD0A44914200F1FF3300D1CC
:108BE000704710B511F8014B03F8014F9142F9D1CC
:108BF00010BD02440346934200D1704703F8011BA5
:108C0000F9E710B5024601448A42134603D01C78A6
:108C10000132002CF8D1181A10BD2DE9F047C3F12C
:108C20003709074688465FFA89F903F01F0516469B
:108C30004FF0000A384641462A465346F8F778F97D
:108C4000D4B2092C88BF4C443A46434688BFE4B2AC
:108C5000AA4204F1300473EB0A0306F8014B0746FD
:108C60008846E7D23046BDE8F0872DE9F04F87B05F
:108C70000618994602AB41EB0104009315463046B5
:108C8000D2E900232146DDF844B000F0A9F804AB96
:108C90000093D5E90223074688463046214600F076
:108CA0009FF8DDE90263841951EB0306049BD5E9C3
:108CB00000014FF0000228BF0122D218059B43F1AA
:108CC0000003381848EB0101B84271EB0801D5E9FF
:108CD00002C134BF0120002014EB0C0C46EB010153
:108CE00010EB0C0041F10001A04271EB060C34BF07
:108CF0004FF0010C4FF0000CCDE90423A9F1410A1B
:108D00001CEB020243F10003CDF800A000F083F851
:108D1000109BC3E90001129B012BDDE9042329D13B
:108D2000D5E90201D5E900C5201A66EB01016745C6
:108D300078EB050534BF01250025401B61F10001DA
:108D4000844276EB010534BF01250025521BCDF886
:108D500000A063F1000300F05EF8DDE90423CBE935
:108D60000001CDF800A02046314600F054F807B0CD
:108D7000BDE8F08F17EB070E48EB080C201946EB07
:108D80000601BE457CEB080834BF01270027C71940
:108D900041F10008D5E9000186457CEB010CD5E9DD
:108DA000021534BF01200020381A68F1000C401A67
:108DB0006CEB050192185B41A74278EB060534BFC6
:108DC00001250025521943F10003874278EB010881
:108DD00034BF01250025521BA9F140050095B8E7D5
:108DE000F0B50F460446A0FB0201A7FB0252491949
:108DF000A3FB044542F10002A7FB0373611845F190
:108E00000004D219059E43F10003121943F1000337
:108E1000C6E90023F0BDF0B5059CC4F14007C4F1DC
:108E2000200602FA06F6A4F12005BB4022FA05F559
:108E30003343C4F120062B4301FA06F6A4F12005C2
:108E4000E04021FA05F53043BA402843E1401043A1
:108E50001943F0BD2DE9F0410446CD0FC1F30A508E
:108E6000C1F3130154EA0107157140F2FF7607D0F0
:108E7000B0420CD145F0080515710020BDE8F08125
:108E8000002863D0B0425ED145F00405F4E7002825
:108E900059D10120A0F2FF30002B106059DB0C2BC0
:108EA00059DCC3F10D05AD00012005F1FF3CA5F132
:108EB0002107C5F1210620FA06F600FA07F700FAA5
:108EC0000CF03743061847EB0708D6F1000E68EBA5
:108ED000480C013E48F1FF38264008EA0108B0423C
:108EE00077EB08080FDBC5F12008B5F1200601FA81
:108EF00008F824FA05F545EA08055CBF41FA06F6CC
:108F00003543ED0703D52018044641EB070104EA79
:108F10000E0401EA0C019DF81860123218460D2566
:108F2000C6F127064FF0300E04F00F03240944EA7F
:108F3000017405F1FF3C0911571EB3B9A8420CDAC0
:108F400065463A46F0E741F48011A3E7044601463E
:108F5000A2E70023DFE70D23DDE782F800E01CF144
:108F6000010365463A46DFD188E7092BC8BF9B1944
:108F70003033A8421370B8BF2846F0E701480068B4
:108F800070470000100B0020DC7FFF7F0100000015
:108F9000CD2700000000000000000000F88F000056
:108FA000D5570000000000000000000038900000CD
:108FB0000000000018900000EB8500000000000099
:108FC0000000000058900000E130000000000000A8
:108FD000193B000000000000A9270000000000006D
:108FE000EF85000000000000000000007890000005
:108FF0000000000098900000639B0000A89600000D
:109000003093000066010020440B0020792E000000
:109010000000000000000000729B0000B8960000F5
:109020000493000068010020980B00209932000092
:109030000000000000000000809B0000D0960000AF
:10904000049300006A010020A40B00209932000064
:109050000000000000000000A39B000040970000FB
:109060004C9300006E010020B80B0020B1370000C7
:109070000000000000000000569B000000000000FF
:10908000F89200006401002000000000C1290000E7
:109090000000000000000000969B0000E896000021
:1090A000289300006C010020B00B00205136000016
:1090B00000000000000000002141000001860000C7
:1090C000000000009D8100005890000073850000A2
:1090D000000000009D810000000000009D81000054
:1090E000000000009D810000A547000001860000EF
:1090F000BD53000001860000000000009D810000BB
:10910000000000009D810000000000009D81000023
:10911000000000009D810000000000009D81000013
:10912000000000009D810000000000009D81000003
:10913000000000009D810000000000009D810000F3
:1091400000000000A93B0000000000009D8100001D
:10915000000000009D810000000000009D810000D3
:10916000000000009D810000000000009D810000C3
:10917000000000009D810000000000009D810000B3
:10918000000000009D810000000000009D810000A3
:10919000000000009D810000A94B00000186000036
:1091A000000000009D810000000000009D81000083
:1091B000000000009D810000000000009D81000073
:1091C000000000009D810000000000009D81000063
:1091D000000000009D810000000000009D81000053
:1091E000000000009D810000000000009D81000043
:1091F000000000009D810000000000009D81000033
:10920000000000009D810000000000009D81000022
:10921000000000009D810000000000009D81000012
:10922000000000009D810000000000009D81000002
:10923000000000009D810000D8020020801B00205B
:1092400000040000CD13000000000000000000003A
:10925000000000000200000000000000EB98000089
:109260000000000000000000580200204013002011
:1092700000080000E11800000000000000000000ED
:10928000000000000300000000000000DF98000064
:10929000000000000000000058030020C01F002054
:1092A0000004000055130000000000000000000052
:1092B000000000000100000000000000F69800001F
:1092C0000000000000000000D8010020000F002076
:1092D00000040000791600000000000000000000FB
:1092E000000000000400000000000000D49800000E
:1092F000000000000000000051280000D52B0000F5
:1093000058020000E1320000118300001F830000BA
:1093100037830000438300004F8300003131000099
:109320006983000000000000EF830000E383000079
:10933000D12E00007D820000DF82000000000000CE
:109340001982000000000000000000002D850000D0
:08935000FD3600001F8500003E
:109360000338FDD870470000010000000000000035
:1093700005000000000000001900000000000000CF
:109380007D000000000000007102000000000000ED
:10939000350C000000000000093D00000000000046
:1093A0002D31010000000000E1F505000000000083
:1093B00065CD1D0000000000F902950000000000CE
:1093C000DD0EE90200000000514A8D0E0000000091
:1093D0009573C24800000000E941CC6B0100000019
:1093E0008D49FD1A07000000C16FF28623000000BE
:1093F000C52EBCA2B1000000D9E9AC2D7803000055
:109400003D9160E45811000031D6E275BC56000071
:10941000F52E6E4DAEB10100C9EA268367780800CB
:10942000ED95C28F055A2A00A1EDCCCE1BC2D30008
:1094300025A4000A8BCA22040000000000000000DE
:10944000000000000000001000000000000000000C
:10945000B9340332B7F4AD1410DB1AB30892540ECA
:109460000D307D951447BA1A66088F4D26ADC66D2E
:10947000F598BF85E2B74511CA96853D92BD1DEBB3
:10948000FCA11860DCEF52163C92AE220BB8C1B4BE
:10949000839D2D5B0562DA1C304C7E8F4E8BB25B58
:1094A00016F4529F8B56A512FBD4827643ED8AF0B8
:1094B0008FE7F9311565191850F19BD94A13EEB4AD
:1094C000284CF0A686C1251F035FC270CB9E4916AB
:1094D000E642889C44EB2014B0650836AD6EA58545
:1094E00085F0CA14E2FD031A0B899979D5B13D09BB
:1094F000D8DA973A35EBCF10AC363F5E73BB38CF36
:109500003E6752FA44AFBA150100000000000000A7
:109510000000000000000020345065C05FC9A65262
:10952000BB13CBAEC440C21806C8DF7100D5A87CFF
:10953000F56F0FDA58FC27136E4756357D242065EA
:1095400002C7E768E48CA41DE9E60268D7CD39615B
:109550007977FCC2405BEF16798CDE43FFA751F9A7
:1095600091F3B278F5BDBE11E857E9D6E8BEE87BC5
:10957000B054AC8F848D751BEA23A499E9F9D38B81
:10958000B7A3714061DA3E15CEE33ECB73F94808CC
:109590008C97B427D51B7010A2BFEFB9EB8532159D
:1095A0004DB44DB49BBB6F1996B6076CF8E7EEADA2
:1095B00036D9B4F59135AE13222218AF4E6A684DF4
:1095C00091DAAA3D4F40741E9FBD9EE006A1C0984F
:1095D00057C2A7FDA40E90170E7D497173E3208F2B
:1095E000B220D87605143B12853D7434811343B004
:1095F000AD297A5F27F4351C789000000001000443
:1096000000000002000000000C0000003890000084
:1096100010000100389000000F0001003890000099
:109620000E000100389000000D000100389000008D
:1096300019001100389000000C0011003890000053
:109640000B0011000000000079810000D400002010
:10965000CC000020C400002000000000BC0000205E
:10966000D91D0000CD1C0000211D0000811D00003F
:10967000000000200000000000000B0602000000B7
:109680008496000000000000179B000026000206E0
:10969000000000201F9B000022000B11012E000083
:1096A000D12D000000000000512F0000452E0000C9
:1096B000FF82000005830000FFFF00000003005050
:1096C00000000000010000000060004000000000F9
:1096D000BCF801FF00000050000000000000000086
:1096E000006000400000000000C0014000000000D9
:1096F000000000000000000000000000000000006A
:109700000000000000040000E80302010101000065
:10971000BA0E00200400000000000000000000005D
:10972000289700000024F40000C001403497000096
:10973000010000003C970000010000001C00011621
:1097400000200040010000000000000060970000C1
:109750000000D60100000000C50E0020C40E00204D
:10976000002000406C97000001000000749700008A
:1097700004000000060000000500000208060001C9
:10978000070600030800000003000000908F00009F
:10979000908F0000D08F0000D88F0000F88F00005D
:1097A000F88F0000FF8FFFFFFF8FFFFFFE8FFFFF8F
:1097B000FE8FFFFFFD8FFFFFFC8FFFFFFC8FFFFF82
:1097C0006D757465785F667265652063616C6C6544
:1097D000642077697468204E554C4C20706172612A
:1097E0006D6574657200000043616E277420696EB8
:1097F000697469616C697A65206D757465782C206F
:10980000776173204E554C4C0D0A0000436F756C08
:1098100064206E6F74206C6F636B20706F7765725D
:109820002073617665206D75746578000000000016
:1098300000000000000000000000000000000040E8
:1098400095596959555554551555555604051541A1
:109850001054554045515544404550445055554588
:1098600000400040400444966555565545404554D7
:109870005141154055915555555540510501000030
:109880005445545445550504001004101404400078
:1098900000000140555515415404000044000100EA
:1098A00000000040410000445044455054005555CC
:1098B00054556551004000400100000100050100C1
:1098C000115451515455550500000000000000008E
:1098D0000000000075695F6C65645F746964006412
:1098E0006973706C61795F74696400636F6E747220
:1098F0006F6C5F69640074656D7065726174757218
:10990000655F726561640050574D20736574206611
:1099100061696C65643A202564004572726F723A21
:109920002050574D20646576696365202573206952
:1099300073206E6F7420726561647900486561748C
:10994000657220496E697469616C697A6564004169
:10995000444320636F6E74726F6C6C6572206E6F1F
:109960007420726561647900436F756C64206E6F5A
:1099700074207365747570206368616E6E656C2009
:109980002825642900414443207265616420666192
:10999000696C65642028256429004572726F723AEB
:1099A00020554920496E6974204661696C656421BF
:1099B0000A00544845524D4F53544154205354418A
:1099C0005254494E470A0053797374656D205265AD
:1099D0006164792E20507265737320427574746FC0
:1099E0006E203120746F2053746172742E0A00202F
:1099F0004F4E0053797374656D3A205B25735D207B
:109A0000007C205447543A20252E31662043207C88
:109A1000204355523A20252E31662043207C205089
:109A200057523A2025642525004F46460028537496
:109A3000616E646279290A00207C205B48454154AC
:109A4000494E475D0A00207C205B434F4F4C494EF6
:109A5000475D0A00207C205B535441424C455D0A1F
:109A6000002A2A2A20426F6F74696E67206E524660
:109A700020436F6E6E6563742053444B2076332E03
:109A8000312E312D653261393766653235373861AF
:109A9000202A2A2A0A002A2A2A205573696E67205A
:109AA0005A6570687972204F532076342E312E39E2
:109AB000392D666638663063353739656562202A28
:109AC0002A2A0A006D757465785F696E697420636F
:109AD000616C6C65642077697468204E554C4C202D
:109AE000706172616D6574657200436F756C64209E
:109AF0006E6F7420616C6C6F63617465206D75743A
:109B00006578206265666F726520696E6974696147
:109B10006C697A696E6700464C4153485F30005368
:109B200052414D5F300000000100000006010501B8
:109B300004010702030105020201030205040101F9
:109B400001020103010401060108010C01100118C2
:109B5000012001400180616463403430303037308F
:109B6000303000636C6F636B4034303030303030F5
:109B700030006770696F403530303030333030003E
:109B80006770696F40353030303030303000000160
:109B900002030405060770776D40343030316330BE
:109BA00030300075617274403430303032303030D3
:109BB0000000000000000101000000000000203053
:109BC0003030303030303030303030303000016DB7
:109BD00061696E00696E66006E616E00286E756C5C
:109BE0006C29000000000000040000200400002098
:109BF00000000000010000001400002014000020FC
:109C00000000000001000000000000000000000053
:109C10000000000000000000000000000000000044
:109C20000000000000000000000000000000000034
:109C30000000000000000000000000000000000024
:109C40000000000000000000000000000000000014
:109C50000000000000000000000000000000000004
:109C600000000000000000000000000000000000F4
:109C700000000000000000000000000000000000E4
:109C8000000000000000000000000000B80E0020EE
:109C9000020000000000000000009841AB7F0000BF
:109CA000980100203A000000AC0100203A000000BA
:109CB000700100203A000000C00100203A000000BE
:109CC000000000000B820000000000000000000007
:109CD000FF000000FFFF0F0090020000F8000020CE
:109CE000F800002000000000DD66000044010020B4
:109CF0003C01002034010020000000002C01002065
:109D0000F96700004567000079670000C16700003F
:109D1000E40C00203A00003AE80C00203A00003A37
:109D2000EC0C00203A00003AF00C00203A00003A17
:109D30005401002018010020100100200C01002017
:109D400008010020010000000000000000000000E9
:109D500000000000700100207001002000000000E1
:109D6000000000000E00000084010020840100209B
:109D700000000000000000000E000000980100201C
:109D80009801002000000000000000000E0000000C
:109D9000AC010020AC010020000000000000000029
:109DA0000E000000C0010020C001002000000000E3
:0C9DB000000000000E00000015E015E0AF
:00000001FF
